insert into APPLICATION_USER (id, created_at, updated_at, user_name, password, role, is_enabled)
values ('0f3d6661-844c-41ac-845e-7c42729cf0d4', '10/27/2019', null, 'hayder',
        '{bcrypt}$2y$10$YNSuWB6gOWq3CUvum88ks.CFn1NSxfDP4C0SKzfPx0y3rw2I793By', 'ADMIN', true);
insert into APPLICATION_USER (id, created_at, updated_at, user_name, password, role, is_enabled)
values ('fc6582c7-d70a-47a4-b5c1-a60eb056afda', '7/10/2019', null, 'nassar',
        '{bcrypt}$2y$10$kZm02MckhHDJB2l8xfNO0OaxmHhPsw905LJIup7dmlL.5R0yH/on2', 'EMPLOYEE', true);
insert into APPLICATION_USER (id, created_at, updated_at, user_name, password, role, is_enabled)
values ('459dd3d2-4d4a-4082-b06b-ea8c195bbddb', '1/15/2020', null, 'baraq',
        '{bcrypt}$2y$10$tHeAt2L/VAFLVBCzkQJqFuzxUxNcmd5bUwprvOH7wFPriEI6GMsxG', 'EMPLOYEE', true);
insert into APPLICATION_USER (id, created_at, updated_at, user_name, password, role, is_enabled)
values ('f99ce99d-fe3f-4652-995e-35485ffae314', '5/2/2019', '5/12/2019', 'qamar',
        '{bcrypt}$2y$10$PBvLMF0TRV19MKmOrbE3AOs4o0eIEWrcGbYUkhRhBTcZJsVrvaBeG', 'EMPLOYEE', true);
insert into APPLICATION_USER (id, created_at, updated_at, user_name, password, role, is_enabled)
values ('a0b11202-0d42-40bb-9465-3e383cf61b93', '9/26/2019', '4/23/2019', 'ahmed',
        '{bcrypt}$2y$10$zyCFTnQPlzKlwyzYFeAs6uzDhIBk1bl6Lm7p5cj0Y4P1q.Ov/gBY6', 'CUSTOMER', true);
insert into APPLICATION_USER (id, created_at, updated_at, user_name, password, role, is_enabled)
values ('04531d9c-29ef-4d42-9984-e337abec5d71', '10/22/2019', null, 'ckubelka0',
        '{bcrypt}$2y$10$MlDjc.GxkSoLOR2gBGYwF.PipEIgtwy9623fZ4b8EqbT4B8xX4UqS', 'CUSTOMER', true);
insert into APPLICATION_USER (id, created_at, updated_at, user_name, password, role, is_enabled)
values ('d71183cb-ab57-47f9-b01e-a0ccccf414af', '8/3/2019', '11/25/2019', 'jglozman1',
        '{bcrypt}$2y$10$M1AGhX1ZYHXoFBH2Y/Xdqu6b4kKAX5MMBGdYixAiHnTYoRhsZyWLG', 'CUSTOMER', true);
insert into APPLICATION_USER (id, created_at, updated_at, user_name, password, role, is_enabled)
values ('23c1a29e-1217-4195-a1bd-3ea5d190b244', '11/21/2019', null, 'ytustin2',
        '{bcrypt}$2y$10$PpKckF83wlJw0ttmY05CZOmCgwsj61TNl/C1XFCeow4RJJhivnpoG', 'CUSTOMER', true);
insert into APPLICATION_USER (id, created_at, updated_at, user_name, password, role, is_enabled)
values ('415bf92c-019f-4f18-998a-4cd55da7d738', '7/7/2019', null, 'kstannus3',
        '{bcrypt}$2y$10$fJw5KHD0tBl/Wn4rOPqjOuZIRW8QRSC/U9im/SrYcvgpW8LHBJ6Jm', 'CUSTOMER', true);

insert into CATEGORY (id, created_at, updated_at, name)
values ('6fd40977-a429-4959-8497-36b93d19769c', '2019-05-22', '2019-11-17', 'Laptop');
insert into CATEGORY (id, created_at, updated_at, name)
values ('6d176685-2c6a-489d-9988-684a22903244', '2019-05-19', '2019-07-19', 'PC');
insert into CATEGORY (id, created_at, updated_at, name)
values ('ac7c189a-a9d7-4f37-8f55-fee44f108355', '2019-06-18', '2020-01-10', 'iPhone');
insert into CATEGORY (id, created_at, updated_at, name)
values ('814642d2-7dcc-4279-91b7-70e368127a78', '2020-02-09', '2019-06-29', 'MacBook');
insert into CATEGORY (id, created_at, updated_at, name)
values ('c6478c53-1835-4a25-badc-6b45e490876c', '2019-11-23', '2019-10-31', 'Headphone');

insert into CUSTOMER (id, created_at, updated_at, name, email, phone, address, customer_number)
values ('31357b36-0c61-4288-9c65-081b2e5bb671', '2019-07-30', null, 'Wallace Honnicott', 'whonnicott0@bluehost.com',
        '+63 (103) 636-7221', '18 Green Ridge Parkway', '1174026340');
insert into CUSTOMER (id, created_at, updated_at, name, email, phone, address, customer_number)
values ('634318af-a70f-49df-9dc4-5ff837eed087', '2019-03-18', null, 'Corey Dacke', 'cdacke1@cdbaby.com',
        '+86 (215) 159-2167', '4 Delaware Court', '5190923894');
insert into CUSTOMER (id, created_at, updated_at, name, email, phone, address, customer_number)
values ('6c1e3cf2-c389-4baf-b0a2-dfd833a8179c', '2019-05-12', '2019-07-13', 'Keven Hannond', 'khannond2@wordpress.com',
        '+373 (601) 456-1734', '4542 Warner Road', '9185183733');
insert into CUSTOMER (id, created_at, updated_at, name, email, phone, address, customer_number)
values ('02c6d352-710a-49b3-b82d-d3d3a915f0bd', '2019-09-22', null, 'Terrijo Girsch', 'tgirsch3@usgs.gov',
        '+86 (154) 859-2651', '57 8th Avenue', '1997806924');
insert into CUSTOMER (id, created_at, updated_at, name, email, phone, address, customer_number)
values ('7326af2d-b238-4600-8e38-b81caa3bea12', '2019-10-17', '2019-10-05', 'Cherianne Shewsmith',
        'cshewsmith4@sohu.com', '+63 (142) 178-9370', '97 Sauthoff Lane', '3730833618');
insert into CUSTOMER (id, created_at, updated_at, name, email, phone, address, customer_number)
values ('7163fece-90e0-4134-9e3e-b5b80ddda0af', '2019-10-01', '2019-05-24', 'Marcello Andrelli', 'mandrelli5@furl.net',
        '+63 (100) 345-8602', '7564 Graedel Alley', '6974932065');
insert into CUSTOMER (id, created_at, updated_at, name, email, phone, address, customer_number)
values ('971ca399-b0d8-4d6a-bc8f-634c1797cb47', '2019-10-22', '2019-10-16', 'Helene Dran', 'hdran6@spiegel.de',
        '+58 (861) 818-4235', '513 Shoshone Way', '1368581013');
insert into CUSTOMER (id, created_at, updated_at, name, email, phone, address, customer_number)
values ('e2836ada-20e5-4569-9d3d-151d4bf09f75', '2019-06-11', '2020-01-23', 'Kessia Hatherleigh',
        'khatherleigh7@answers.com', '+86 (715) 867-3944', '99 Huxley Crossing', '6550688760');
insert into CUSTOMER (id, created_at, updated_at, name, email, phone, address, customer_number)
values ('28ab83bd-2e19-4415-9c74-644f82db2bd6', '2020-01-26', null, 'Ameline Atwell', 'aatwell8@aol.com',
        '+7 (772) 541-0952', '70554 Welch Center', '3689950708');
insert into CUSTOMER (id, created_at, updated_at, name, email, phone, address, customer_number)
values ('85d7a92a-a5f6-4eac-b5db-6b76b795cff2', '2019-07-26', '2019-03-09', 'Lelia Shurrock', 'lshurrock9@blogs.com',
        '+86 (692) 431-6136', '5727 Magdeline Circle', '7219211848');
insert into CUSTOMER (id, created_at, updated_at, name, email, phone, address, customer_number)
values ('046dcdee-a236-4805-8b62-3f797c1db16e', '2019-06-13', null, 'Leonerd Benne', 'lbennea@si.edu',
        '+7 (105) 308-6508', '51 Mendota Center', '4238996283');
insert into CUSTOMER (id, created_at, updated_at, name, email, phone, address, customer_number)
values ('35f1a8b9-d41b-4490-b5e7-9f5046065e84', '2019-08-12', '2020-01-16', 'Robbie Kobpal',
        'rkobpalb@cargocollective.com', '+55 (669) 991-6670', '91604 Texas Trail', '3357170817');
insert into CUSTOMER (id, created_at, updated_at, name, email, phone, address, customer_number)
values ('b2a406ca-3960-4bc4-9ac3-68020e9bd6a9', '2020-01-25', '2019-05-21', 'Silvain Draye', 'sdrayec@forbes.com',
        '+81 (410) 156-0902', '02572 Mandrake Place', '6725067336');
insert into CUSTOMER (id, created_at, updated_at, name, email, phone, address, customer_number)
values ('fc8de44d-fabf-40b4-aa72-9b5b8b7fece7', '2019-10-02', '2019-11-04', 'Fanni Noah', 'fnoahd@w3.org',
        '+33 (660) 650-6396', '00 Everett Point', '6935466199');
insert into CUSTOMER (id, created_at, updated_at, name, email, phone, address, customer_number)
values ('e8a53170-61d8-4f67-ac8d-e90462f75cb3', '2019-11-11', '2019-07-05', 'Fionnula Petken', 'fpetkene@ning.com',
        '+62 (357) 754-3458', '48245 Kedzie Alley', '7138848552');
insert into CUSTOMER (id, created_at, updated_at, name, email, phone, address, customer_number)
values ('982db07a-869d-4185-84b6-ec3f33e99f8b', '2019-08-20', '2019-10-14', 'Leoline Workes', 'lworkesf@gravatar.com',
        '+62 (938) 665-3158', '65 Briar Crest Park', '6842239117');
insert into CUSTOMER (id, created_at, updated_at, name, email, phone, address, customer_number)
values ('84dde903-d0f1-4aef-a0be-d7ce7a4cf228', '2019-07-09', null, 'Yehudit O''Breen', 'yobreeng@fastcompany.com',
        '+62 (198) 398-0931', '05245 Londonderry Circle', '4792620848');
insert into CUSTOMER (id, created_at, updated_at, name, email, phone, address, customer_number)
values ('93e049a6-481b-42e7-b0d9-7ac68d102f6b', '2019-05-31', '2019-08-25', 'Isabelle Nanninini', 'inannininih@fc2.com',
        '+81 (351) 592-9469', '5623 Luster Street', '1650955057');
insert into CUSTOMER (id, created_at, updated_at, name, email, phone, address, customer_number)
values ('7e013840-40da-4ba1-a381-8e0dd739caea', '2019-05-03', '2019-04-23', 'Melonie Maskall',
        'mmaskalli@google.com.br', '+86 (574) 599-0553', '61 Cascade Lane', '1852511184');
insert into CUSTOMER (id, created_at, updated_at, name, email, phone, address, customer_number)
values ('bf38bfbb-4b94-40a6-9863-65d735b9476f', '2019-07-08', '2019-08-05', 'Claus Epsly', 'cepslyj@dropbox.com',
        '+7 (948) 907-5677', '92978 Artisan Parkway', '5319126824');
insert into CUSTOMER (id, created_at, updated_at, name, email, phone, address, customer_number)
values ('e5168a85-735f-479b-a3c6-93dc92d5d004', '2019-09-09', null, 'Josiah Gimblet', 'jgimbletk@yolasite.com',
        '+234 (478) 843-2363', '17 Fairview Trail', '6273055092');
insert into CUSTOMER (id, created_at, updated_at, name, email, phone, address, customer_number)
values ('de8d0a42-0905-441a-87e0-cd769b3837fb', '2019-04-17', null, 'Hieronymus Borrett', 'hborrettl@webmd.com',
        '+385 (228) 968-5991', '74442 Algoma Alley', '1101507837');
insert into CUSTOMER (id, created_at, updated_at, name, email, phone, address, customer_number)
values ('ad84099c-ce71-4659-8861-8ee3021dfa31', '2019-12-29', '2020-01-23', 'Gisele McNee', 'gmcneem@deliciousdays.com',
        '+66 (424) 790-7322', '8319 Debs Terrace', '7550297398');
insert into CUSTOMER (id, created_at, updated_at, name, email, phone, address, customer_number)
values ('938842a2-8add-4f9d-adde-ad383483c90e', '2019-08-13', '2019-10-13', 'Grenville Winn', 'gwinnn@bloomberg.com',
        '+56 (247) 970-5953', '4552 Erie Point', '5446391837');
insert into CUSTOMER (id, created_at, updated_at, name, email, phone, address, customer_number)
values ('89de08b7-7d7e-4376-996d-07a3309e6e85', '2019-08-24', null, 'Eben St Louis', 'esto@foxnews.com',
        '+55 (250) 568-6959', '2368 Glendale Road', '5137001112');
insert into CUSTOMER (id, created_at, updated_at, name, email, phone, address, customer_number)
values ('3bc44c5a-aeb7-4fca-bc9f-ec3045dd9991', '2019-02-22', '2019-07-12', 'Jedd Ganforth',
        'jganforthp@statcounter.com', '+502 (731) 300-6275', '916 Hazelcrest Junction', '0888091486');
insert into CUSTOMER (id, created_at, updated_at, name, email, phone, address, customer_number)
values ('6b386add-bdb7-4da4-a578-5e2c340da6fe', '2020-01-29', null, 'Fredric Gribbin', 'fgribbinq@bbb.org',
        '+84 (243) 872-4856', '564 Burrows Center', '6616525546');
insert into CUSTOMER (id, created_at, updated_at, name, email, phone, address, customer_number)
values ('4c17e1c3-6d09-47aa-b72b-12ee96eda9ad', '2019-03-26', null, 'Lauree Gounod', 'lgounodr@skyrock.com',
        '+234 (738) 767-7104', '7 Kedzie Court', '8876162763');
insert into CUSTOMER (id, created_at, updated_at, name, email, phone, address, customer_number)
values ('fbd9d33c-f518-4e5b-85b3-a957d0e452d0', '2020-01-22', null, 'Kristi Moodie', 'kmoodies@techcrunch.com',
        '+86 (984) 875-4693', '39382 Main Alley', '7541103101');
insert into CUSTOMER (id, created_at, updated_at, name, email, phone, address, customer_number)
values ('c2b49f2c-4554-446d-b924-be6e64eb4f10', '2019-09-02', '2019-11-17', 'Florentia Donaway', 'fdonawayt@nasa.gov',
        '+86 (337) 388-0461', '394 Buell Hill', '9707292407');
insert into CUSTOMER (id, created_at, updated_at, name, email, phone, address, customer_number)
values ('b8190f68-8452-40d2-8b28-6f6d8ee0b9e0', '2019-04-19', '2019-11-03', 'Mycah McLucas', 'mmclucasu@is.gd',
        '+86 (283) 659-4636', '753 Badeau Crossing', '1359128263');
insert into CUSTOMER (id, created_at, updated_at, name, email, phone, address, customer_number)
values ('b9273f84-863b-4a40-ab24-771ef1fa6d46', '2019-03-08', '2019-04-05', 'Marrissa Kyllford',
        'mkyllfordv@example.com', '+249 (232) 281-6599', '5613 Blue Bill Park Plaza', '3838060792');
insert into CUSTOMER (id, created_at, updated_at, name, email, phone, address, customer_number)
values ('e49d09a8-2bd1-40f5-b2aa-dd805927d12a', '2020-02-02', '2019-07-26', 'Stephana Salandino',
        'ssalandinow@twitpic.com', '+86 (279) 335-8908', '74 Chinook Park', '8972086150');
insert into CUSTOMER (id, created_at, updated_at, name, email, phone, address, customer_number)
values ('83a58f1b-fc1b-4ea0-92ee-4400baa69ed8', '2019-06-17', null, 'Abie Guyver', 'aguyverx@e-recht24.de',
        '+263 (374) 287-0663', '229 1st Street', '3572769620');
insert into CUSTOMER (id, created_at, updated_at, name, email, phone, address, customer_number)
values ('12c9b245-1855-43aa-8133-16c9802f95ca', '2019-06-01', '2019-06-21', 'Elie Casserly', 'ecasserlyy@irs.gov',
        '+86 (579) 575-2812', '7 School Road', '7483665769');
insert into CUSTOMER (id, created_at, updated_at, name, email, phone, address, customer_number)
values ('1e5b2aac-5e34-43c6-b80a-b07b917b9d05', '2019-07-12', '2019-10-06', 'Carmel Spaldin', 'cspaldinz@auda.org.au',
        '+63 (282) 166-4725', '14511 Farragut Place', '3012579885');
insert into CUSTOMER (id, created_at, updated_at, name, email, phone, address, customer_number)
values ('d928b2cd-104b-485a-a004-7b33e6a9828c', '2019-09-13', '2019-06-04', 'Maisie Fretwell', 'mfretwell10@ocn.ne.jp',
        '+66 (414) 629-7274', '7721 Monica Crossing', '5257902915');
insert into CUSTOMER (id, created_at, updated_at, name, email, phone, address, customer_number)
values ('ccf25b36-2c2e-4321-9a8e-adf4b1963e16', '2019-09-25', '2019-03-10', 'Jourdain Insoll',
        'jinsoll11@microsoft.com', '+389 (774) 627-3503', '296 Shoshone Plaza', '8480304529');
insert into CUSTOMER (id, created_at, updated_at, name, email, phone, address, customer_number)
values ('f7574876-2ba0-4bc5-9583-70e671960998', '2019-10-27', '2019-10-01', 'Denyse Blackeby',
        'dblackeby12@xinhuanet.com', '+351 (443) 328-6236', '90 Carioca Parkway', '2337757676');
insert into CUSTOMER (id, created_at, updated_at, name, email, phone, address, customer_number)
values ('e2ea0b81-da03-43e0-b771-b7cfb6bc73d7', '2019-12-25', null, 'Flo Pozer', 'fpozer13@usa.gov',
        '+33 (372) 177-2137', '45852 Gateway Point', '9276808957');
insert into CUSTOMER (id, created_at, updated_at, name, email, phone, address, customer_number)
values ('36c2d3a6-bf90-4a78-9f96-81d52502fb0f', '2019-11-26', '2019-09-21', 'Iggy Schimoni', 'ischimoni14@japanpost.jp',
        '+33 (296) 374-8455', '9186 Lukken Road', '7702963522');
insert into CUSTOMER (id, created_at, updated_at, name, email, phone, address, customer_number)
values ('d713f074-14bc-4c3a-92cc-c33b77b3e9ba', '2019-05-31', null, 'Gay Woollacott', 'gwoollacott15@histats.com',
        '+380 (585) 345-4513', '02382 Farmco Street', '6913965419');
insert into CUSTOMER (id, created_at, updated_at, name, email, phone, address, customer_number)
values ('457dd32a-48fc-4982-bbb4-aa04b4cc75ec', '2019-07-01', null, 'Jilli Nickell', 'jnickell16@istockphoto.com',
        '+63 (619) 654-7958', '9429 Goodland Pass', '8415247079');
insert into CUSTOMER (id, created_at, updated_at, name, email, phone, address, customer_number)
values ('eeaf9e30-ca82-4f61-abf0-40cb0d3bba68', '2019-06-26', '2019-11-15', 'Joleen Normanton', 'jnormanton17@home.pl',
        '+47 (959) 726-0097', '9 Emmet Center', '0586164081');
insert into CUSTOMER (id, created_at, updated_at, name, email, phone, address, customer_number)
values ('e32b93c3-fc2e-41e7-9ad7-e5b8c862e830', '2020-01-18', '2019-02-25', 'Stillman Grant', 'sgrant18@nyu.edu',
        '+51 (688) 878-0806', '94164 Badeau Court', '8108313511');
insert into CUSTOMER (id, created_at, updated_at, name, email, phone, address, customer_number)
values ('6a455290-1248-42c2-803b-ef831f0460a5', '2019-11-15', null, 'Hayyim Rossant', 'hrossant19@cpanel.net',
        '+63 (270) 835-2444', '79659 Merry Crossing', '7781645995');
insert into CUSTOMER (id, created_at, updated_at, name, email, phone, address, customer_number)
values ('2c4560be-402e-48af-9722-1498b7d3dbcb', '2020-01-22', '2019-03-29', 'Garland Boanas', 'gboanas1a@sitemeter.com',
        '+51 (236) 553-1752', '643 Clarendon Point', '5541386829');
insert into CUSTOMER (id, created_at, updated_at, name, email, phone, address, customer_number)
values ('0df100de-3ba5-4549-8dbe-7a3775c01057', '2019-03-17', null, 'Carter Brussels', 'cbrussels1b@noaa.gov',
        '+505 (928) 427-1574', '9 Reinke Plaza', '1734714212');
insert into CUSTOMER (id, created_at, updated_at, name, email, phone, address, customer_number)
values ('91782075-db75-42be-bb1c-919f3ffbd305', '2019-10-18', null, 'Jake Wilgar', 'jwilgar1c@cnbc.com',
        '+351 (443) 195-4473', '49606 Bowman Plaza', '8722090851');


insert into PRODUCT (id, name, created_at, updated_at, category_id, pic_location, price) values ('db0b928c-1a1c-4da9-bf67-8b08b50dcede', 'Cranberries - Fresh', '2019-11-19', '2019-02-27', '6fd40977-a429-4959-8497-36b93d19769c', 'https://robohash.org/fugitminimaquod.bmp?size=50x50&set=set1', '$90.21');
insert into PRODUCT (id, name, created_at, updated_at, category_id, pic_location, price) values ('bbb867ba-dd1a-4606-b81d-a8153516fe25', 'Bagel - Ched Chs Presliced', '2019-10-16', '2019-06-12', '814642d2-7dcc-4279-91b7-70e368127a78', 'https://robohash.org/facilisautnon.png?size=50x50&set=set1', '$253.31');
insert into PRODUCT (id, name, created_at, updated_at, category_id, pic_location, price) values ('f722d081-13b5-40d7-901c-59fbc3874433', 'Cheese - Mascarpone', '2019-07-10', '2019-03-27', '6d176685-2c6a-489d-9988-684a22903244', 'https://robohash.org/voluptatessitet.jpg?size=50x50&set=set1', '$169.56');
insert into PRODUCT (id, name, created_at, updated_at, category_id, pic_location, price) values ('9152fa2b-752e-49d9-abfc-82e419a7d720', 'Cleaner - Pine Sol', '2019-12-29', '2019-12-09', '6fd40977-a429-4959-8497-36b93d19769c', 'https://robohash.org/temporibusmolestiastenetur.png?size=50x50&set=set1', '$132.42');
insert into PRODUCT (id, name, created_at, updated_at, category_id, pic_location, price) values ('45278cb6-1195-4dc0-a319-192885f87e8e', 'Crush - Cream Soda', '2019-02-17', null, '6fd40977-a429-4959-8497-36b93d19769c', 'https://robohash.org/suntaccusamusitaque.bmp?size=50x50&set=set1', '$80.78');
insert into PRODUCT (id, name, created_at, updated_at, category_id, pic_location, price) values ('d6393e7b-6d4d-48dc-852f-f20142cfd1ab', 'Island Oasis - Pina Colada', '2019-04-08', '2019-10-22', '814642d2-7dcc-4279-91b7-70e368127a78', 'https://robohash.org/quaemaximenam.jpg?size=50x50&set=set1', '$67.23');
insert into PRODUCT (id, name, created_at, updated_at, category_id, pic_location, price) values ('0711c465-92cc-45ca-b8dd-d12f5ff1446c', 'Salad Dressing', '2019-10-22', '2019-12-26', 'c6478c53-1835-4a25-badc-6b45e490876c', 'https://robohash.org/earumbeataesint.jpg?size=50x50&set=set1', '$290.18');
insert into PRODUCT (id, name, created_at, updated_at, category_id, pic_location, price) values ('3e7b8f68-286f-4ed9-a158-f3ea60d905b1', 'Iced Tea - Lemon, 340ml', '2019-07-31', '2019-04-08', '814642d2-7dcc-4279-91b7-70e368127a78', 'https://robohash.org/rerumadipisciea.png?size=50x50&set=set1', '$170.40');
insert into PRODUCT (id, name, created_at, updated_at, category_id, pic_location, price) values ('784c7176-b5c8-4405-9c0d-95b90db434b8', 'Rice Paper', '2019-05-13', null, 'ac7c189a-a9d7-4f37-8f55-fee44f108355', 'https://robohash.org/abdelenitiipsam.png?size=50x50&set=set1', '$127.10');
insert into PRODUCT (id, name, created_at, updated_at, category_id, pic_location, price) values ('0fa6b981-3fed-4634-8e19-c81ee94485ce', 'Mcguinness - Blue Curacao', '2019-12-14', '2019-09-28', 'ac7c189a-a9d7-4f37-8f55-fee44f108355', 'https://robohash.org/eumsimiliquesoluta.bmp?size=50x50&set=set1', '$225.78');
insert into PRODUCT (id, name, created_at, updated_at, category_id, pic_location, price) values ('8f275163-66f1-414c-85f3-d2c121ddeb5c', 'Duck - Whole', '2019-11-07', null, '814642d2-7dcc-4279-91b7-70e368127a78', 'https://robohash.org/repellatcommodiincidunt.png?size=50x50&set=set1', '$123.62');
insert into PRODUCT (id, name, created_at, updated_at, category_id, pic_location, price) values ('872bb484-33af-4005-ac19-52e4d1f1b813', 'Wooden Mop Handle', '2020-02-03', null, '6d176685-2c6a-489d-9988-684a22903244', 'https://robohash.org/commodiplaceatdolor.png?size=50x50&set=set1', '$157.08');
insert into PRODUCT (id, name, created_at, updated_at, category_id, pic_location, price) values ('822488cc-95dd-4bb1-95cf-b574f2f87387', 'Tea - English Breakfast', '2019-11-12', '2019-06-07', '814642d2-7dcc-4279-91b7-70e368127a78', 'https://robohash.org/facilisutodio.bmp?size=50x50&set=set1', '$177.35');
insert into PRODUCT (id, name, created_at, updated_at, category_id, pic_location, price) values ('2899577d-a533-4204-8b65-d316d5f18ba3', 'French Pastry - Mini Chocolate', '2019-08-13', '2019-10-13', '6fd40977-a429-4959-8497-36b93d19769c', 'https://robohash.org/nullatotamvoluptatum.bmp?size=50x50&set=set1', '$234.80');
insert into PRODUCT (id, name, created_at, updated_at, category_id, pic_location, price) values ('9e29055b-88b4-4250-9088-86a951c46c6a', 'Pasta - Cannelloni, Sheets, Fresh', '2019-11-12', null, 'ac7c189a-a9d7-4f37-8f55-fee44f108355', 'https://robohash.org/numquamenimvitae.bmp?size=50x50&set=set1', '$145.28');
insert into PRODUCT (id, name, created_at, updated_at, category_id, pic_location, price) values ('7f04abff-9a43-470b-be3a-591961b3afc4', 'Tea - Mint', '2019-07-03', '2019-04-12', 'ac7c189a-a9d7-4f37-8f55-fee44f108355', 'https://robohash.org/magniconsequaturpossimus.bmp?size=50x50&set=set1', '$151.53');
insert into PRODUCT (id, name, created_at, updated_at, category_id, pic_location, price) values ('ea2cbc1d-4ad7-4080-ae22-57891cf32f7c', 'Squid Ink', '2019-06-09', '2019-03-02', '814642d2-7dcc-4279-91b7-70e368127a78', 'https://robohash.org/rerumcumquenumquam.jpg?size=50x50&set=set1', '$221.24');
insert into PRODUCT (id, name, created_at, updated_at, category_id, pic_location, price) values ('529b6657-fa4a-40a4-9731-19448a8669b5', 'Egg Patty Fried', '2019-07-30', '2020-01-22', 'ac7c189a-a9d7-4f37-8f55-fee44f108355', 'https://robohash.org/essequosexercitationem.jpg?size=50x50&set=set1', '$87.30');
insert into PRODUCT (id, name, created_at, updated_at, category_id, pic_location, price) values ('fa11adc6-e316-485f-9ca9-8a3f0f177e20', 'Ecolab - Hobart Washarm End Cap', '2019-09-02', null, '814642d2-7dcc-4279-91b7-70e368127a78', 'https://robohash.org/autemrecusandaead.bmp?size=50x50&set=set1', '$181.84');
insert into PRODUCT (id, name, created_at, updated_at, category_id, pic_location, price) values ('0e430d85-4daf-4a18-b727-9cc8492a04ee', 'Southern Comfort', '2019-10-27', null, 'c6478c53-1835-4a25-badc-6b45e490876c', 'https://robohash.org/etconsequaturnon.bmp?size=50x50&set=set1', '$116.51');
insert into PRODUCT (id, name, created_at, updated_at, category_id, pic_location, price) values ('d4873596-64fa-4f6d-8720-a11eada04288', 'Versatainer Nc - 9388', '2020-02-11', '2019-07-31', '6d176685-2c6a-489d-9988-684a22903244', 'https://robohash.org/consequaturnonmaxime.bmp?size=50x50&set=set1', '$120.60');
insert into PRODUCT (id, name, created_at, updated_at, category_id, pic_location, price) values ('ec38fef8-2c6f-4ebc-8f6c-f8c0e3beec1b', 'Nantucket - 518ml', '2019-12-31', null, 'c6478c53-1835-4a25-badc-6b45e490876c', 'https://robohash.org/exercitationemenimadipisci.png?size=50x50&set=set1', '$195.57');
insert into PRODUCT (id, name, created_at, updated_at, category_id, pic_location, price) values ('7dd944f5-efef-4e06-95c8-a31fc22ba4a2', 'Soup - Campbells, Lentil', '2019-08-31', '2019-07-06', 'ac7c189a-a9d7-4f37-8f55-fee44f108355', 'https://robohash.org/autdoloremid.jpg?size=50x50&set=set1', '$149.75');
insert into PRODUCT (id, name, created_at, updated_at, category_id, pic_location, price) values ('e625d9ac-0cae-4864-abaf-c7608533005c', 'Bread Country Roll', '2019-05-27', '2019-04-18', '6fd40977-a429-4959-8497-36b93d19769c', 'https://robohash.org/maximeetdolorem.jpg?size=50x50&set=set1', '$142.33');
insert into PRODUCT (id, name, created_at, updated_at, category_id, pic_location, price) values ('9882a9ea-6626-43bd-b41b-b1a69a8f68f9', 'Veal - Round, Eye Of', '2019-05-30', '2019-10-02', '6fd40977-a429-4959-8497-36b93d19769c', 'https://robohash.org/quasetomnis.bmp?size=50x50&set=set1', '$204.63');
insert into PRODUCT (id, name, created_at, updated_at, category_id, pic_location, price) values ('0dd637a7-369c-4366-aad1-ad34be69d803', 'Veal - Inside', '2020-02-10', null, '6d176685-2c6a-489d-9988-684a22903244', 'https://robohash.org/rerumsapienterem.jpg?size=50x50&set=set1', '$186.66');
insert into PRODUCT (id, name, created_at, updated_at, category_id, pic_location, price) values ('89d82fff-ff2b-44a2-a09f-fd52f578a276', 'Yeast Dry - Fleischman', '2019-12-30', '2019-05-17', '6d176685-2c6a-489d-9988-684a22903244', 'https://robohash.org/molestiaevoluptatumconsectetur.bmp?size=50x50&set=set1', '$59.03');
insert into PRODUCT (id, name, created_at, updated_at, category_id, pic_location, price) values ('7722108a-8d8b-4111-8df3-b585dff8a06d', 'Beans - Wax', '2020-01-03', null, '6d176685-2c6a-489d-9988-684a22903244', 'https://robohash.org/sitasperioreseveniet.jpg?size=50x50&set=set1', '$76.40');
insert into PRODUCT (id, name, created_at, updated_at, category_id, pic_location, price) values ('3613e7b3-092d-43d2-be96-a2cfd92fc535', 'Lettuce - Green Leaf', '2019-03-03', null, 'ac7c189a-a9d7-4f37-8f55-fee44f108355', 'https://robohash.org/necessitatibussuntet.png?size=50x50&set=set1', '$249.19');
insert into PRODUCT (id, name, created_at, updated_at, category_id, pic_location, price) values ('19d0fca0-4807-4b32-91ed-ea7bfe845f24', 'Glass - Juice Clear 5oz 55005', '2019-04-18', '2019-12-23', 'ac7c189a-a9d7-4f37-8f55-fee44f108355', 'https://robohash.org/eapraesentiumodit.bmp?size=50x50&set=set1', '$71.31');
insert into PRODUCT (id, name, created_at, updated_at, category_id, pic_location, price) values ('e0af9c39-c3c6-4e6e-a6c6-3c55ee814a42', 'Wine - Lou Black Shiraz', '2019-07-31', '2019-04-10', '6d176685-2c6a-489d-9988-684a22903244', 'https://robohash.org/ipsaaccusantiumnecessitatibus.bmp?size=50x50&set=set1', '$199.12');
insert into PRODUCT (id, name, created_at, updated_at, category_id, pic_location, price) values ('1121779e-81b3-41b3-b6c7-e855b7cfaff4', 'Yoplait - Strawbrasp Peac', '2019-07-15', '2019-02-13', '6d176685-2c6a-489d-9988-684a22903244', 'https://robohash.org/dictacumillum.jpg?size=50x50&set=set1', '$83.27');
insert into PRODUCT (id, name, created_at, updated_at, category_id, pic_location, price) values ('4b1918b9-6b8c-4214-a41d-bf3cea0ced99', 'Sardines', '2019-09-24', null, '6d176685-2c6a-489d-9988-684a22903244', 'https://robohash.org/fugiatoccaecatiipsum.png?size=50x50&set=set1', '$162.44');
insert into PRODUCT (id, name, created_at, updated_at, category_id, pic_location, price) values ('15e04158-637a-4411-a921-87c258385aa6', 'Cake - Pancake', '2019-03-14', null, '6d176685-2c6a-489d-9988-684a22903244', 'https://robohash.org/aliascommodiblanditiis.png?size=50x50&set=set1', '$267.93');
insert into PRODUCT (id, name, created_at, updated_at, category_id, pic_location, price) values ('c074d99e-9cc5-4399-b836-8f9d2db21666', 'Wine - Vovray Sec Domaine Huet', '2019-05-19', '2019-09-18', '6d176685-2c6a-489d-9988-684a22903244', 'https://robohash.org/corporisetratione.bmp?size=50x50&set=set1', '$247.58');
insert into PRODUCT (id, name, created_at, updated_at, category_id, pic_location, price) values ('6f669987-8546-41a8-b70d-022934fc4549', 'Onions - Cippolini', '2019-07-04', null, 'c6478c53-1835-4a25-badc-6b45e490876c', 'https://robohash.org/sequienimet.bmp?size=50x50&set=set1', '$68.84');
insert into PRODUCT (id, name, created_at, updated_at, category_id, pic_location, price) values ('5a719b08-f61a-423e-9be1-1e3b1a2e78c7', 'Pepper - Red Bell', '2019-09-02', '2019-12-20', '814642d2-7dcc-4279-91b7-70e368127a78', 'https://robohash.org/consequaturquisamet.jpg?size=50x50&set=set1', '$197.18');
insert into PRODUCT (id, name, created_at, updated_at, category_id, pic_location, price) values ('f46287f6-f3ae-43b7-9eac-dead7b97a432', 'Hot Choc Vending', '2019-08-13', '2019-03-28', '6fd40977-a429-4959-8497-36b93d19769c', 'https://robohash.org/doloresestexercitationem.bmp?size=50x50&set=set1', '$126.82');
insert into PRODUCT (id, name, created_at, updated_at, category_id, pic_location, price) values ('9c4253f0-8ffd-4c4a-b510-03088ed7d69e', 'Butter - Salted', '2019-02-27', '2020-02-11', 'ac7c189a-a9d7-4f37-8f55-fee44f108355', 'https://robohash.org/utametpariatur.png?size=50x50&set=set1', '$157.14');
insert into PRODUCT (id, name, created_at, updated_at, category_id, pic_location, price) values ('59f6cc7c-0263-460c-8a32-743386dcd3ce', 'Beans - Turtle, Black, Dry', '2019-05-17', null, 'ac7c189a-a9d7-4f37-8f55-fee44f108355', 'https://robohash.org/minimaquiaspernatur.bmp?size=50x50&set=set1', '$219.41');
insert into PRODUCT (id, name, created_at, updated_at, category_id, pic_location, price) values ('63930962-8cd3-4486-8a03-0a48459f0e6c', 'Rice - Long Grain', '2019-08-26', '2019-05-02', '6fd40977-a429-4959-8497-36b93d19769c', 'https://robohash.org/eligendiautdolor.bmp?size=50x50&set=set1', '$285.32');
insert into PRODUCT (id, name, created_at, updated_at, category_id, pic_location, price) values ('05196012-7b40-41cc-9437-a539f01606ef', 'Tendrils - Baby Pea, Organic', '2020-01-17', '2019-11-03', '6fd40977-a429-4959-8497-36b93d19769c', 'https://robohash.org/solutaquossed.png?size=50x50&set=set1', '$80.75');
insert into PRODUCT (id, name, created_at, updated_at, category_id, pic_location, price) values ('0d695029-cf25-4175-9891-b52afcc10db8', 'Pork - Loin, Boneless', '2019-10-30', null, 'ac7c189a-a9d7-4f37-8f55-fee44f108355', 'https://robohash.org/commodiperspiciatisvoluptate.jpg?size=50x50&set=set1', '$94.90');
insert into PRODUCT (id, name, created_at, updated_at, category_id, pic_location, price) values ('0e4abc1f-60a7-44fc-a8dc-80d474da6d38', 'Ice Cream Bar - Oreo Sandwich', '2019-12-08', null, 'c6478c53-1835-4a25-badc-6b45e490876c', 'https://robohash.org/inetsed.jpg?size=50x50&set=set1', '$67.51');
insert into PRODUCT (id, name, created_at, updated_at, category_id, pic_location, price) values ('ad532bf2-efbb-4769-b65a-f14656d877dd', 'Pasta - Orecchiette', '2020-01-21', null, '6fd40977-a429-4959-8497-36b93d19769c', 'https://robohash.org/sapientequodet.png?size=50x50&set=set1', '$257.39');
insert into PRODUCT (id, name, created_at, updated_at, category_id, pic_location, price) values ('d602d57c-0b61-4873-a458-c944ee2ebf81', 'Tequila - Sauza Silver', '2019-08-23', '2019-04-23', '814642d2-7dcc-4279-91b7-70e368127a78', 'https://robohash.org/fugadoloremearum.jpg?size=50x50&set=set1', '$106.92');
insert into PRODUCT (id, name, created_at, updated_at, category_id, pic_location, price) values ('1b23d2f2-3307-4cc0-a092-5ac755057c19', 'Lamb - Whole Head Off,nz', '2019-09-13', null, 'ac7c189a-a9d7-4f37-8f55-fee44f108355', 'https://robohash.org/nullainventorepraesentium.png?size=50x50&set=set1', '$159.74');
insert into PRODUCT (id, name, created_at, updated_at, category_id, pic_location, price) values ('ce1805af-0940-4f60-8739-3de62cca9b0d', 'Pork - Back, Short Cut, Boneless', '2019-06-02', null, '6d176685-2c6a-489d-9988-684a22903244', 'https://robohash.org/autemexpeditaea.bmp?size=50x50&set=set1', '$221.58');
insert into PRODUCT (id, name, created_at, updated_at, category_id, pic_location, price) values ('91664a6e-af42-449b-ac3d-4857b68f6144', 'Pastry - Baked Cinnamon Stick', '2019-10-28', '2019-03-15', '6fd40977-a429-4959-8497-36b93d19769c', 'https://robohash.org/repellendusvelet.png?size=50x50&set=set1', '$184.50');
insert into PRODUCT (id, name, created_at, updated_at, category_id, pic_location, price) values ('1d9bd355-005a-47c3-8eb5-43ba47315693', 'Water, Tap', '2019-07-25', '2019-09-12', '6fd40977-a429-4959-8497-36b93d19769c', 'https://robohash.org/dictaautdoloremque.png?size=50x50&set=set1', '$110.85');
insert into PRODUCT (id, name, created_at, updated_at, category_id, pic_location, price) values ('cce11057-f9c7-4a9e-9149-f114c9ab446f', 'Pork - Chop, Frenched', '2019-03-19', null, '6d176685-2c6a-489d-9988-684a22903244', 'https://robohash.org/eavoluptassint.jpg?size=50x50&set=set1', '$298.72');
insert into PRODUCT (id, name, created_at, updated_at, category_id, pic_location, price) values ('1b638250-4aff-47ea-a184-80424e8a71b0', 'Red Currant Jelly', '2019-11-08', '2019-10-29', 'c6478c53-1835-4a25-badc-6b45e490876c', 'https://robohash.org/itaquequisquamnobis.bmp?size=50x50&set=set1', '$162.61');
insert into PRODUCT (id, name, created_at, updated_at, category_id, pic_location, price) values ('b1a6254a-b9a5-4a22-aa48-e97431a9021a', 'Bay Leaf Fresh', '2019-12-02', '2019-03-11', 'c6478c53-1835-4a25-badc-6b45e490876c', 'https://robohash.org/adelectusquos.jpg?size=50x50&set=set1', '$121.09');
insert into PRODUCT (id, name, created_at, updated_at, category_id, pic_location, price) values ('9791831c-229d-40b5-8053-226ccfef57da', 'Syrup - Pancake', '2019-10-22', '2019-07-15', '6d176685-2c6a-489d-9988-684a22903244', 'https://robohash.org/natuscorruptimolestiae.jpg?size=50x50&set=set1', '$74.83');
insert into PRODUCT (id, name, created_at, updated_at, category_id, pic_location, price) values ('bd0a1c11-46d1-4eb7-b243-19d8672aee73', 'Cranberries - Frozen', '2019-03-20', '2019-07-15', '6fd40977-a429-4959-8497-36b93d19769c', 'https://robohash.org/quibusdamutaut.jpg?size=50x50&set=set1', '$235.97');
insert into PRODUCT (id, name, created_at, updated_at, category_id, pic_location, price) values ('fd7050a3-5e6a-4186-8b50-9a61331619df', 'Sansho Powder', '2019-04-13', null, '6fd40977-a429-4959-8497-36b93d19769c', 'https://robohash.org/etutlaudantium.jpg?size=50x50&set=set1', '$130.05');
insert into PRODUCT (id, name, created_at, updated_at, category_id, pic_location, price) values ('cfdd9e35-09c7-448b-bc86-d7de0786b106', 'Juice - Mango', '2019-03-23', '2019-11-18', '814642d2-7dcc-4279-91b7-70e368127a78', 'https://robohash.org/ducimuserrorrem.bmp?size=50x50&set=set1', '$226.45');
insert into PRODUCT (id, name, created_at, updated_at, category_id, pic_location, price) values ('f6f7e401-d201-4191-9a28-a8144aa87957', 'Rum - Cream, Amarula', '2019-04-06', '2019-12-12', '814642d2-7dcc-4279-91b7-70e368127a78', 'https://robohash.org/eautqui.bmp?size=50x50&set=set1', '$176.52');
insert into PRODUCT (id, name, created_at, updated_at, category_id, pic_location, price) values ('6d545dcf-089c-432a-98f8-dcd373732489', 'Glove - Cutting', '2019-11-19', '2019-03-11', '814642d2-7dcc-4279-91b7-70e368127a78', 'https://robohash.org/dolorumasperioressoluta.bmp?size=50x50&set=set1', '$269.66');
insert into PRODUCT (id, name, created_at, updated_at, category_id, pic_location, price) values ('8e210648-a790-439f-8a8e-e9fe552ed0cb', 'Foam Dinner Plate', '2019-11-04', '2019-08-02', '814642d2-7dcc-4279-91b7-70e368127a78', 'https://robohash.org/accusamusfacerererum.jpg?size=50x50&set=set1', '$184.10');
insert into PRODUCT (id, name, created_at, updated_at, category_id, pic_location, price) values ('9547e058-652c-4ce5-a135-e64b445636e5', 'Soup - Campbells Tomato Ravioli', '2019-04-16', '2019-03-12', '814642d2-7dcc-4279-91b7-70e368127a78', 'https://robohash.org/dictaquilibero.png?size=50x50&set=set1', '$121.14');
insert into PRODUCT (id, name, created_at, updated_at, category_id, pic_location, price) values ('ab7cedb5-12ac-4c41-8f34-8c5b7a1db3e3', 'Cookie Dough - Chocolate Chip', '2019-12-10', '2019-09-11', '6fd40977-a429-4959-8497-36b93d19769c', 'https://robohash.org/quiahicest.jpg?size=50x50&set=set1', '$87.10');
insert into PRODUCT (id, name, created_at, updated_at, category_id, pic_location, price) values ('c3c8e8a1-3906-489d-a6cc-4187fb4d76fc', 'Onions - White', '2019-12-17', '2019-09-13', '814642d2-7dcc-4279-91b7-70e368127a78', 'https://robohash.org/autquisnumquam.jpg?size=50x50&set=set1', '$197.74');
insert into PRODUCT (id, name, created_at, updated_at, category_id, pic_location, price) values ('3982c2e5-82ce-47e6-8637-85105252cd8a', 'Sambuca Cream', '2019-03-07', '2019-04-29', 'ac7c189a-a9d7-4f37-8f55-fee44f108355', 'https://robohash.org/recusandaecumdignissimos.jpg?size=50x50&set=set1', '$275.43');
insert into PRODUCT (id, name, created_at, updated_at, category_id, pic_location, price) values ('8a478f5c-4fff-4568-9dd4-e7343500432c', 'Appetizer - Cheese Bites', '2020-01-20', '2020-01-13', 'c6478c53-1835-4a25-badc-6b45e490876c', 'https://robohash.org/eumautquia.png?size=50x50&set=set1', '$157.19');
insert into PRODUCT (id, name, created_at, updated_at, category_id, pic_location, price) values ('4ac02534-538a-49fe-9427-e08c6ef5d523', 'Crackers Cheez It', '2019-07-19', null, '6d176685-2c6a-489d-9988-684a22903244', 'https://robohash.org/sedrerumad.jpg?size=50x50&set=set1', '$259.49');
insert into PRODUCT (id, name, created_at, updated_at, category_id, pic_location, price) values ('48ba73d8-610f-4c6e-aa07-a5ade19a3ced', 'Cup Translucent 9 Oz', '2020-01-04', '2019-08-29', '6d176685-2c6a-489d-9988-684a22903244', 'https://robohash.org/animieaiste.bmp?size=50x50&set=set1', '$130.51');
insert into PRODUCT (id, name, created_at, updated_at, category_id, pic_location, price) values ('c33f92ac-5e33-42ae-9395-419fdb52c4d6', 'Cake - Dulce De Leche', '2019-09-02', null, '814642d2-7dcc-4279-91b7-70e368127a78', 'https://robohash.org/delenitimagnamadipisci.jpg?size=50x50&set=set1', '$101.65');
insert into PRODUCT (id, name, created_at, updated_at, category_id, pic_location, price) values ('d3158b70-d9ac-45b7-ab24-1cc624bb2a1b', 'Doilies - 12, Paper', '2019-03-26', '2019-11-21', '6fd40977-a429-4959-8497-36b93d19769c', 'https://robohash.org/quoutnostrum.bmp?size=50x50&set=set1', '$75.17');
insert into PRODUCT (id, name, created_at, updated_at, category_id, pic_location, price) values ('f291f877-1195-4a34-b449-a5b86d2c6004', 'Syrup - Golden, Lyles', '2020-01-29', null, 'ac7c189a-a9d7-4f37-8f55-fee44f108355', 'https://robohash.org/etpraesentiumcorrupti.png?size=50x50&set=set1', '$200.32');
insert into PRODUCT (id, name, created_at, updated_at, category_id, pic_location, price) values ('2ae51d03-4a12-4d1a-a9fb-9a1237109ac7', 'Pork - Bacon, Double Smoked', '2019-08-13', '2019-07-10', '814642d2-7dcc-4279-91b7-70e368127a78', 'https://robohash.org/sedexcepturiamet.jpg?size=50x50&set=set1', '$124.71');
insert into PRODUCT (id, name, created_at, updated_at, category_id, pic_location, price) values ('191a0381-0e64-460f-bc6c-c6c5b53d4565', 'Chicken - Leg, Fresh', '2019-06-11', '2019-10-15', 'ac7c189a-a9d7-4f37-8f55-fee44f108355', 'https://robohash.org/deseruntinciduntnostrum.png?size=50x50&set=set1', '$138.53');
insert into PRODUCT (id, name, created_at, updated_at, category_id, pic_location, price) values ('f91b13d6-d4d3-4f86-b8fa-37f32313aa73', 'Cheese - Fontina', '2019-12-01', '2019-12-23', 'c6478c53-1835-4a25-badc-6b45e490876c', 'https://robohash.org/etistesint.bmp?size=50x50&set=set1', '$176.35');
insert into PRODUCT (id, name, created_at, updated_at, category_id, pic_location, price) values ('1164c884-11d3-4fc8-a34f-b76cb35c91be', 'Plaintain', '2019-09-15', '2019-12-07', '814642d2-7dcc-4279-91b7-70e368127a78', 'https://robohash.org/nihilexercitationemut.bmp?size=50x50&set=set1', '$251.62');
insert into PRODUCT (id, name, created_at, updated_at, category_id, pic_location, price) values ('44145116-8dc3-4a4a-bc88-d2bbf38ca9dc', 'Wild Boar - Tenderloin', '2019-12-04', '2019-12-28', '6d176685-2c6a-489d-9988-684a22903244', 'https://robohash.org/eossuscipitaliquid.jpg?size=50x50&set=set1', '$157.80');
insert into PRODUCT (id, name, created_at, updated_at, category_id, pic_location, price) values ('c51468a4-e744-4f84-b2d0-fee18df759b3', 'Juice - Orange, Concentrate', '2019-04-06', '2019-05-15', '6d176685-2c6a-489d-9988-684a22903244', 'https://robohash.org/namenimdolor.png?size=50x50&set=set1', '$99.18');
insert into PRODUCT (id, name, created_at, updated_at, category_id, pic_location, price) values ('5fd2fe78-7ab1-4bea-bd06-34e8072a0e6a', 'Cod - Fillets', '2019-11-10', '2020-02-03', '814642d2-7dcc-4279-91b7-70e368127a78', 'https://robohash.org/doloremmolestiasautem.png?size=50x50&set=set1', '$87.93');
insert into PRODUCT (id, name, created_at, updated_at, category_id, pic_location, price) values ('7e48b9c9-407a-4d5e-a83a-ff1aaa0c010b', 'Wine - Blue Nun Qualitatswein', '2019-10-03', null, 'ac7c189a-a9d7-4f37-8f55-fee44f108355', 'https://robohash.org/perferendisdolorest.bmp?size=50x50&set=set1', '$235.38');
insert into PRODUCT (id, name, created_at, updated_at, category_id, pic_location, price) values ('9f705329-aed6-48e2-ae39-0ef9d59f2720', 'Dc Hikiage Hira Huba', '2019-09-19', '2019-04-30', 'c6478c53-1835-4a25-badc-6b45e490876c', 'https://robohash.org/dignissimosetet.jpg?size=50x50&set=set1', '$267.80');
insert into PRODUCT (id, name, created_at, updated_at, category_id, pic_location, price) values ('1e713cc1-ea37-4874-8c83-68d5097b895f', 'Cheese - Blue', '2019-10-01', '2019-11-20', 'c6478c53-1835-4a25-badc-6b45e490876c', 'https://robohash.org/quamexpeditasoluta.png?size=50x50&set=set1', '$60.73');
insert into PRODUCT (id, name, created_at, updated_at, category_id, pic_location, price) values ('9fb241f0-ea05-4718-83d9-9e5e7295802d', 'Bread - Dark Rye, Loaf', '2019-02-21', '2019-12-01', 'c6478c53-1835-4a25-badc-6b45e490876c', 'https://robohash.org/etdelectusreiciendis.jpg?size=50x50&set=set1', '$132.51');
insert into PRODUCT (id, name, created_at, updated_at, category_id, pic_location, price) values ('ad81c82c-4bc4-4cef-a8e1-cbb7a06fee77', 'Pur Value', '2019-11-24', '2019-12-13', 'c6478c53-1835-4a25-badc-6b45e490876c', 'https://robohash.org/molestiasmagnamdoloremque.png?size=50x50&set=set1', '$85.04');
insert into PRODUCT (id, name, created_at, updated_at, category_id, pic_location, price) values ('0608ef0b-5a47-46fd-bdfd-4f3fb59336b9', 'Wine - Pinot Grigio Collavini', '2019-11-15', '2019-08-21', '6fd40977-a429-4959-8497-36b93d19769c', 'https://robohash.org/deseruntquaminventore.bmp?size=50x50&set=set1', '$167.00');
insert into PRODUCT (id, name, created_at, updated_at, category_id, pic_location, price) values ('a2bedd6c-282c-49f1-9ff0-28b862b48721', 'Beans - Kidney, Canned', '2019-07-18', null, '814642d2-7dcc-4279-91b7-70e368127a78', 'https://robohash.org/providentmodiiste.png?size=50x50&set=set1', '$69.34');
insert into PRODUCT (id, name, created_at, updated_at, category_id, pic_location, price) values ('b09a8e40-9411-4323-bf6e-3fa6ad55219a', 'Dooleys Toffee', '2019-08-05', '2020-01-05', 'ac7c189a-a9d7-4f37-8f55-fee44f108355', 'https://robohash.org/perferendisquiaet.jpg?size=50x50&set=set1', '$235.06');
insert into PRODUCT (id, name, created_at, updated_at, category_id, pic_location, price) values ('1d9bb670-9ad3-43a3-b280-6f64b8c97138', 'Sorrel - Fresh', '2019-07-13', null, 'c6478c53-1835-4a25-badc-6b45e490876c', 'https://robohash.org/estdeseruntmolestias.bmp?size=50x50&set=set1', '$294.18');
insert into PRODUCT (id, name, created_at, updated_at, category_id, pic_location, price) values ('577eaf44-d4a1-4033-bae9-ec73a780bd62', 'Soup - Campbells Beef Strogonoff', '2019-05-21', null, '6d176685-2c6a-489d-9988-684a22903244', 'https://robohash.org/inciduntquoillum.png?size=50x50&set=set1', '$192.17');
insert into PRODUCT (id, name, created_at, updated_at, category_id, pic_location, price) values ('dab7c15c-d2fe-4676-884e-3ae3fc92b5ea', 'Sugar - Splenda Sweetener', '2019-03-13', '2019-07-13', '6d176685-2c6a-489d-9988-684a22903244', 'https://robohash.org/doloreminnihil.bmp?size=50x50&set=set1', '$216.78');
insert into PRODUCT (id, name, created_at, updated_at, category_id, pic_location, price) values ('2e62c2f1-3d94-492e-bfd5-898cb5cf98cc', 'Sprouts - Baby Pea Tendrils', '2019-10-09', '2019-03-24', 'ac7c189a-a9d7-4f37-8f55-fee44f108355', 'https://robohash.org/quimagnamtempore.bmp?size=50x50&set=set1', '$241.23');
insert into PRODUCT (id, name, created_at, updated_at, category_id, pic_location, price) values ('9964f483-6af4-4fba-ac05-203343b51e18', 'Sachet', '2019-06-24', '2019-02-26', '814642d2-7dcc-4279-91b7-70e368127a78', 'https://robohash.org/facererecusandaerepudiandae.bmp?size=50x50&set=set1', '$149.61');
insert into PRODUCT (id, name, created_at, updated_at, category_id, pic_location, price) values ('f9502423-fae7-4d49-a0f3-5affc63b82a1', 'Truffle Shells - Semi - Sweet', '2019-11-30', '2019-04-11', 'c6478c53-1835-4a25-badc-6b45e490876c', 'https://robohash.org/doloribussolutaut.jpg?size=50x50&set=set1', '$72.24');
insert into PRODUCT (id, name, created_at, updated_at, category_id, pic_location, price) values ('d9ad3f6c-d743-4848-b7ea-7e3148d07404', 'Artichokes - Knobless, White', '2019-09-10', '2019-08-24', 'c6478c53-1835-4a25-badc-6b45e490876c', 'https://robohash.org/adipiscisequiquia.png?size=50x50&set=set1', '$163.07');
insert into PRODUCT (id, name, created_at, updated_at, category_id, pic_location, price) values ('311c6679-74e0-4a0b-807b-7acf555bed02', 'Soup - Tomato Mush. Florentine', '2019-05-10', null, '814642d2-7dcc-4279-91b7-70e368127a78', 'https://robohash.org/utquirerum.png?size=50x50&set=set1', '$265.35');
insert into PRODUCT (id, name, created_at, updated_at, category_id, pic_location, price) values ('c08b4493-d826-4ecc-9d30-bf6747daedbd', 'Cheese - Valancey', '2019-04-22', null, 'ac7c189a-a9d7-4f37-8f55-fee44f108355', 'https://robohash.org/delectusoccaecatiet.jpg?size=50x50&set=set1', '$288.06');
insert into PRODUCT (id, name, created_at, updated_at, category_id, pic_location, price) values ('a4c3391d-bcf6-466a-92c4-03eafedc7937', 'Beef - Roasted, Cooked', '2019-05-16', '2019-07-21', 'c6478c53-1835-4a25-badc-6b45e490876c', 'https://robohash.org/hicvoluptatemdolores.bmp?size=50x50&set=set1', '$249.45');
insert into PRODUCT (id, name, created_at, updated_at, category_id, pic_location, price) values ('d18cd74f-bf2c-44b3-b10b-f617be18fde5', 'Bread Roll Foccacia', '2019-08-17', '2019-11-25', '6fd40977-a429-4959-8497-36b93d19769c', 'https://robohash.org/sedetet.jpg?size=50x50&set=set1', '$67.74');
insert into PRODUCT (id, name, created_at, updated_at, category_id, pic_location, price) values ('06a0f0be-3f46-4918-9dd5-ac398d825738', 'Anisette - Mcguiness', '2020-01-30', null, '6fd40977-a429-4959-8497-36b93d19769c', 'https://robohash.org/laborumcorporisut.bmp?size=50x50&set=set1', '$275.88');
insert into PRODUCT (id, name, created_at, updated_at, category_id, pic_location, price) values ('96bdf3e0-507f-4d0d-a530-04de64c37e58', 'Carbonated Water - Blackcherry', '2019-06-14', null, '814642d2-7dcc-4279-91b7-70e368127a78', 'https://robohash.org/nisiautsed.png?size=50x50&set=set1', '$78.93');
insert into PRODUCT (id, name, created_at, updated_at, category_id, pic_location, price) values ('f29528ca-4ea3-4d86-849b-ed9769486152', 'Bread - French Baquette', '2020-01-20', null, 'ac7c189a-a9d7-4f37-8f55-fee44f108355', 'https://robohash.org/voluptatemdictaquis.png?size=50x50&set=set1', '$213.78');
insert into PRODUCT (id, name, created_at, updated_at, category_id, pic_location, price) values ('651a6438-95c8-4243-b2c0-166cbff21a71', 'Pork - Liver', '2019-10-25', null, '6d176685-2c6a-489d-9988-684a22903244', 'https://robohash.org/nobisassumendaconsectetur.bmp?size=50x50&set=set1', '$254.08');
insert into PRODUCT (id, name, created_at, updated_at, category_id, pic_location, price) values ('4a061c59-0128-4f41-99cf-30613b9bbcd2', 'Syrup - Monin - Passion Fruit', '2019-02-23', '2020-01-09', 'c6478c53-1835-4a25-badc-6b45e490876c', 'https://robohash.org/repellendusexercitationemmolestias.jpg?size=50x50&set=set1', '$96.48');
insert into PRODUCT (id, name, created_at, updated_at, category_id, pic_location, price) values ('8a0949c9-054a-453b-a821-b01e0f7d22b7', 'Bamboo Shoots - Sliced', '2019-03-11', null, 'ac7c189a-a9d7-4f37-8f55-fee44f108355', 'https://robohash.org/vitaeoditipsa.png?size=50x50&set=set1', '$130.65');
insert into PRODUCT (id, name, created_at, updated_at, category_id, pic_location, price) values ('56931d8d-06c6-4e52-9630-c0ff9f264d10', 'Pie Pecan', '2019-10-15', '2019-08-04', 'ac7c189a-a9d7-4f37-8f55-fee44f108355', 'https://robohash.org/molestiaenihilet.jpg?size=50x50&set=set1', '$194.13');
insert into PRODUCT (id, name, created_at, updated_at, category_id, pic_location, price) values ('c08c7c50-db1d-43fb-b0f4-981f3ac1039c', 'Oil - Pumpkinseed', '2019-03-08', '2019-11-09', '6fd40977-a429-4959-8497-36b93d19769c', 'https://robohash.org/doloresadinventore.png?size=50x50&set=set1', '$296.24');
insert into PRODUCT (id, name, created_at, updated_at, category_id, pic_location, price) values ('aa0ac6fe-a156-4fc8-a3c9-b648469555c5', 'Tea - Orange Pekoe', '2019-06-04', '2019-03-12', '6fd40977-a429-4959-8497-36b93d19769c', 'https://robohash.org/nobissitnesciunt.jpg?size=50x50&set=set1', '$148.36');
insert into PRODUCT (id, name, created_at, updated_at, category_id, pic_location, price) values ('057856a6-8497-4962-99d4-e72140f38ebd', 'Wine - Red, Cabernet Sauvignon', '2020-01-04', '2019-10-02', '6d176685-2c6a-489d-9988-684a22903244', 'https://robohash.org/itaquesitut.png?size=50x50&set=set1', '$123.22');
insert into PRODUCT (id, name, created_at, updated_at, category_id, pic_location, price) values ('dcc74c50-90fc-463f-8aaf-64112f41c38f', 'Sauce - Soy Low Sodium - 3.87l', '2019-05-25', '2019-04-14', '814642d2-7dcc-4279-91b7-70e368127a78', 'https://robohash.org/adipisciaccusamusquam.jpg?size=50x50&set=set1', '$271.98');
insert into PRODUCT (id, name, created_at, updated_at, category_id, pic_location, price) values ('28802020-fa2a-49c3-b947-4b04a0dcd6ba', 'Beef - Ground, Extra Lean, Fresh', '2019-07-14', '2019-06-13', '814642d2-7dcc-4279-91b7-70e368127a78', 'https://robohash.org/etdoloresquis.jpg?size=50x50&set=set1', '$213.80');
insert into PRODUCT (id, name, created_at, updated_at, category_id, pic_location, price) values ('86bc0f9a-66f9-4269-a2c1-4130f9e11898', 'Onions - Red', '2019-03-20', '2019-09-02', '6d176685-2c6a-489d-9988-684a22903244', 'https://robohash.org/quaeenimplaceat.bmp?size=50x50&set=set1', '$178.34');
insert into PRODUCT (id, name, created_at, updated_at, category_id, pic_location, price) values ('13cc20ad-d6e0-4765-8ef6-43780412acc8', 'Pasta - Orecchiette', '2019-03-28', '2019-10-10', '6fd40977-a429-4959-8497-36b93d19769c', 'https://robohash.org/accusantiumipsumsimilique.jpg?size=50x50&set=set1', '$199.32');
insert into PRODUCT (id, name, created_at, updated_at, category_id, pic_location, price) values ('c459afdf-ff3f-48e9-95ab-d3f1ebae65f1', 'Langers - Cranberry Cocktail', '2019-04-17', '2019-09-11', 'c6478c53-1835-4a25-badc-6b45e490876c', 'https://robohash.org/facereasperioresfacilis.jpg?size=50x50&set=set1', '$105.51');
insert into PRODUCT (id, name, created_at, updated_at, category_id, pic_location, price) values ('58bc9f72-9941-4f7c-84da-bc2b23de4063', 'Liquid Aminios Acid - Braggs', '2019-10-29', '2019-05-24', 'ac7c189a-a9d7-4f37-8f55-fee44f108355', 'https://robohash.org/nostrumaliquamcupiditate.bmp?size=50x50&set=set1', '$222.37');
insert into PRODUCT (id, name, created_at, updated_at, category_id, pic_location, price) values ('bd9e8a44-5b06-424a-a8c9-b6e0c1520457', 'Coconut - Shredded, Unsweet', '2019-09-09', '2019-10-12', '6d176685-2c6a-489d-9988-684a22903244', 'https://robohash.org/ipsamveritatisquia.png?size=50x50&set=set1', '$266.83');
insert into PRODUCT (id, name, created_at, updated_at, category_id, pic_location, price) values ('7477cd97-3562-4eca-9886-4688b4e73902', 'Beans - Kidney White', '2019-04-15', null, 'ac7c189a-a9d7-4f37-8f55-fee44f108355', 'https://robohash.org/atetvel.png?size=50x50&set=set1', '$220.45');
insert into PRODUCT (id, name, created_at, updated_at, category_id, pic_location, price) values ('7651f70b-ecf7-483d-bab7-4e98882dc054', 'Soup - Chicken And Wild Rice', '2020-01-18', null, '814642d2-7dcc-4279-91b7-70e368127a78', 'https://robohash.org/quamporroqui.png?size=50x50&set=set1', '$276.45');
insert into PRODUCT (id, name, created_at, updated_at, category_id, pic_location, price) values ('66ddd426-603d-40b9-8f83-9c0be95c1990', 'Onions - White', '2019-06-11', '2019-12-29', '814642d2-7dcc-4279-91b7-70e368127a78', 'https://robohash.org/autquiincidunt.png?size=50x50&set=set1', '$227.86');
insert into PRODUCT (id, name, created_at, updated_at, category_id, pic_location, price) values ('fe2f9a5f-53c9-42d1-a8b9-4bc84369b8a2', 'Seedlings - Mix, Organic', '2019-04-28', null, '814642d2-7dcc-4279-91b7-70e368127a78', 'https://robohash.org/quiaearumaut.png?size=50x50&set=set1', '$119.28');
insert into PRODUCT (id, name, created_at, updated_at, category_id, pic_location, price) values ('ee634072-fd9b-404e-866a-12df87bf8302', 'Fish - Artic Char, Cold Smoked', '2019-03-16', '2019-07-15', '814642d2-7dcc-4279-91b7-70e368127a78', 'https://robohash.org/evenietanimiomnis.png?size=50x50&set=set1', '$55.50');
insert into PRODUCT (id, name, created_at, updated_at, category_id, pic_location, price) values ('277fbee1-70d4-4316-a74f-a8bdd9be6e39', 'Juice - Clam, 46 Oz', '2019-10-19', '2019-07-19', '814642d2-7dcc-4279-91b7-70e368127a78', 'https://robohash.org/aliquidquovoluptates.bmp?size=50x50&set=set1', '$172.22');
insert into PRODUCT (id, name, created_at, updated_at, category_id, pic_location, price) values ('152e67b6-8c60-4de5-836b-1de82470c294', 'Rum - White, Gg White', '2019-02-18', '2019-09-09', '814642d2-7dcc-4279-91b7-70e368127a78', 'https://robohash.org/uteaqueeum.jpg?size=50x50&set=set1', '$75.97');
insert into PRODUCT (id, name, created_at, updated_at, category_id, pic_location, price) values ('9364d323-525e-49b1-9a4e-2024b3a723a6', 'Nut - Walnut, Chopped', '2020-01-14', '2019-04-07', 'ac7c189a-a9d7-4f37-8f55-fee44f108355', 'https://robohash.org/ettemporarerum.png?size=50x50&set=set1', '$119.01');
insert into PRODUCT (id, name, created_at, updated_at, category_id, pic_location, price) values ('69764b6c-06f2-4f08-b29d-cf435473a1d3', 'Veal - Brisket, Provimi,bnls', '2019-11-30', '2019-10-15', '6d176685-2c6a-489d-9988-684a22903244', 'https://robohash.org/totamatqui.png?size=50x50&set=set1', '$219.02');
insert into PRODUCT (id, name, created_at, updated_at, category_id, pic_location, price) values ('92561544-eab3-4a30-8f85-b0c500ef7c3a', 'Jagermeister', '2019-08-31', '2019-03-22', 'c6478c53-1835-4a25-badc-6b45e490876c', 'https://robohash.org/culpaeumexcepturi.jpg?size=50x50&set=set1', '$63.43');
insert into PRODUCT (id, name, created_at, updated_at, category_id, pic_location, price) values ('64d1ec77-3116-46cd-8fa6-5c5f66de53bb', 'Beer - Mill St Organic', '2019-05-05', null, 'ac7c189a-a9d7-4f37-8f55-fee44f108355', 'https://robohash.org/reprehenderitconsequaturfuga.jpg?size=50x50&set=set1', '$192.80');
insert into PRODUCT (id, name, created_at, updated_at, category_id, pic_location, price) values ('5be79a9d-b82f-4710-b0f0-609a9bb317f4', 'Squid - U - 10 Thailand', '2019-04-04', '2019-10-22', 'ac7c189a-a9d7-4f37-8f55-fee44f108355', 'https://robohash.org/oditreiciendismolestias.bmp?size=50x50&set=set1', '$288.21');
insert into PRODUCT (id, name, created_at, updated_at, category_id, pic_location, price) values ('e845f08e-eb31-405b-b160-1507c5a1dd0a', 'Soup - Knorr, Ministrone', '2019-11-26', '2019-11-04', '6d176685-2c6a-489d-9988-684a22903244', 'https://robohash.org/voluptaspraesentiumvero.jpg?size=50x50&set=set1', '$208.52');
insert into PRODUCT (id, name, created_at, updated_at, category_id, pic_location, price) values ('61228fd6-5d5b-4e43-929e-11fb0d8a051b', 'Nori Sea Weed - Gold Label', '2019-11-05', null, '6fd40977-a429-4959-8497-36b93d19769c', 'https://robohash.org/consequunturquibusdamquod.jpg?size=50x50&set=set1', '$124.60');
insert into PRODUCT (id, name, created_at, updated_at, category_id, pic_location, price) values ('2fe67c7b-2fc2-4171-9c03-755f1dbe7cfa', 'Truffle - Peelings', '2019-10-09', '2019-08-06', '6fd40977-a429-4959-8497-36b93d19769c', 'https://robohash.org/aliquiditaqueeaque.jpg?size=50x50&set=set1', '$66.00');
insert into PRODUCT (id, name, created_at, updated_at, category_id, pic_location, price) values ('8551fdf8-c495-4818-ae75-9f42977f38e9', 'Milk - 2% 250 Ml', '2019-10-03', '2019-03-17', '814642d2-7dcc-4279-91b7-70e368127a78', 'https://robohash.org/fugiatquianostrum.png?size=50x50&set=set1', '$245.03');
insert into PRODUCT (id, name, created_at, updated_at, category_id, pic_location, price) values ('def332d0-8e3e-4f18-bb71-c628197faacf', 'Chicken - Thigh, Bone In', '2019-04-16', '2019-05-28', '814642d2-7dcc-4279-91b7-70e368127a78', 'https://robohash.org/saepelaborumdolores.bmp?size=50x50&set=set1', '$135.84');
insert into PRODUCT (id, name, created_at, updated_at, category_id, pic_location, price) values ('79a350d3-8ed3-4f1a-b682-85eef1fcd9b6', 'Tea - Herbal Orange Spice', '2019-06-10', '2019-10-06', 'c6478c53-1835-4a25-badc-6b45e490876c', 'https://robohash.org/sedlaborequi.jpg?size=50x50&set=set1', '$183.10');
insert into PRODUCT (id, name, created_at, updated_at, category_id, pic_location, price) values ('aac17140-d9d0-4e4d-af16-115e7c2b3b49', 'Honey - Lavender', '2019-05-04', null, '6d176685-2c6a-489d-9988-684a22903244', 'https://robohash.org/totamnihilaut.png?size=50x50&set=set1', '$185.04');
insert into PRODUCT (id, name, created_at, updated_at, category_id, pic_location, price) values ('cad25e50-845c-48ca-8b58-e64dc21571a1', 'Pork - Bacon Cooked Slcd', '2019-11-08', '2020-01-16', '6d176685-2c6a-489d-9988-684a22903244', 'https://robohash.org/perspiciatisiuretotam.jpg?size=50x50&set=set1', '$224.50');
insert into PRODUCT (id, name, created_at, updated_at, category_id, pic_location, price) values ('551cbc72-25ff-4af5-bae7-324a1f8677c5', 'Tea - Herbal Sweet Dreams', '2019-03-11', '2019-09-09', '6d176685-2c6a-489d-9988-684a22903244', 'https://robohash.org/quisquameumerror.bmp?size=50x50&set=set1', '$273.78');
insert into PRODUCT (id, name, created_at, updated_at, category_id, pic_location, price) values ('da53ac56-0d92-4bf8-9b2f-999f7a1f3f49', 'Wine - Chardonnay Mondavi', '2020-01-04', '2019-03-19', 'ac7c189a-a9d7-4f37-8f55-fee44f108355', 'https://robohash.org/reiciendissolutaaliquid.png?size=50x50&set=set1', '$79.81');
insert into PRODUCT (id, name, created_at, updated_at, category_id, pic_location, price) values ('aeab7e47-c02f-4249-9134-8ad96745508f', 'Ecolab Crystal Fusion', '2019-05-20', '2019-05-28', '6fd40977-a429-4959-8497-36b93d19769c', 'https://robohash.org/velitfaceremagni.bmp?size=50x50&set=set1', '$102.20');
insert into PRODUCT (id, name, created_at, updated_at, category_id, pic_location, price) values ('714844e1-5505-4ce3-8264-496187dbf3cb', 'Calypso - Strawberry Lemonade', '2019-10-15', '2019-05-25', '6fd40977-a429-4959-8497-36b93d19769c', 'https://robohash.org/nesciuntrerumiste.jpg?size=50x50&set=set1', '$237.82');
insert into PRODUCT (id, name, created_at, updated_at, category_id, pic_location, price) values ('06ba4e2f-247c-4e08-9d90-b98796c10392', 'Oil - Shortening - All - Purpose', '2019-12-12', '2019-02-19', '6d176685-2c6a-489d-9988-684a22903244', 'https://robohash.org/excepturiautimpedit.jpg?size=50x50&set=set1', '$57.20');
insert into PRODUCT (id, name, created_at, updated_at, category_id, pic_location, price) values ('48752a69-0ca9-477f-8e97-0c1e87ca0aa1', 'Bread - Pain Au Liat X12', '2019-03-29', '2019-08-13', '814642d2-7dcc-4279-91b7-70e368127a78', 'https://robohash.org/autetsed.bmp?size=50x50&set=set1', '$226.34');
insert into PRODUCT (id, name, created_at, updated_at, category_id, pic_location, price) values ('32943f69-13bb-47cb-aa74-118fca5efe8b', 'Miso - Soy Bean Paste', '2019-05-28', '2019-03-12', '814642d2-7dcc-4279-91b7-70e368127a78', 'https://robohash.org/temporaetquidem.png?size=50x50&set=set1', '$290.94');
insert into PRODUCT (id, name, created_at, updated_at, category_id, pic_location, price) values ('a7c16087-7f45-4418-8a0c-cfd8161e34b1', 'Apple - Macintosh', '2019-11-03', '2019-07-07', 'ac7c189a-a9d7-4f37-8f55-fee44f108355', 'https://robohash.org/quisquamlaboriosamsuscipit.bmp?size=50x50&set=set1', '$269.20');
insert into PRODUCT (id, name, created_at, updated_at, category_id, pic_location, price) values ('29adc5e9-054c-4b64-b28d-cd0471499391', 'Gherkin - Sour', '2019-03-16', '2019-03-31', '814642d2-7dcc-4279-91b7-70e368127a78', 'https://robohash.org/sintidvoluptatem.jpg?size=50x50&set=set1', '$110.26');
insert into PRODUCT (id, name, created_at, updated_at, category_id, pic_location, price) values ('9978dac3-c70c-409f-8d12-63fc8545ff79', 'Pepper - Sorrano', '2019-04-13', '2019-03-29', 'c6478c53-1835-4a25-badc-6b45e490876c', 'https://robohash.org/nihilveniameum.bmp?size=50x50&set=set1', '$160.96');
insert into PRODUCT (id, name, created_at, updated_at, category_id, pic_location, price) values ('b1a74cb2-18d9-4b8d-953f-dd2b8c8a4bcb', 'Pasta - Lasagne, Fresh', '2020-01-19', '2019-05-27', 'c6478c53-1835-4a25-badc-6b45e490876c', 'https://robohash.org/autemmodiquidem.bmp?size=50x50&set=set1', '$73.43');
insert into PRODUCT (id, name, created_at, updated_at, category_id, pic_location, price) values ('e8b04c5c-f2fa-4da4-af34-308f1acf443b', 'Juice - Orange, 341 Ml', '2020-01-20', '2019-06-15', 'c6478c53-1835-4a25-badc-6b45e490876c', 'https://robohash.org/cumconsequunturneque.png?size=50x50&set=set1', '$123.78');
insert into PRODUCT (id, name, created_at, updated_at, category_id, pic_location, price) values ('078ac6af-c9e7-42b4-8680-a85e673a1dcc', 'Meldea Green Tea Liquor', '2019-08-08', '2019-12-26', '6fd40977-a429-4959-8497-36b93d19769c', 'https://robohash.org/etearumtenetur.png?size=50x50&set=set1', '$126.82');
insert into PRODUCT (id, name, created_at, updated_at, category_id, pic_location, price) values ('d2da9cf0-9537-4edc-bf2c-cd77ae34d583', 'Mustard - Dry, Powder', '2019-06-22', '2020-01-04', '814642d2-7dcc-4279-91b7-70e368127a78', 'https://robohash.org/dignissimosdelectusdolor.jpg?size=50x50&set=set1', '$81.65');
insert into PRODUCT (id, name, created_at, updated_at, category_id, pic_location, price) values ('823ba6b0-7688-4560-b4b1-50af85457ab6', 'Beef - Rouladin, Sliced', '2019-02-17', '2019-09-12', '6d176685-2c6a-489d-9988-684a22903244', 'https://robohash.org/corruptisimiliqueconsequuntur.png?size=50x50&set=set1', '$110.59');
insert into PRODUCT (id, name, created_at, updated_at, category_id, pic_location, price) values ('062b1f00-1256-4ec9-aff4-a94ac20290d7', 'Nut - Pistachio, Shelled', '2019-11-30', null, 'c6478c53-1835-4a25-badc-6b45e490876c', 'https://robohash.org/utsuntvoluptas.png?size=50x50&set=set1', '$144.04');
insert into PRODUCT (id, name, created_at, updated_at, category_id, pic_location, price) values ('fab7d8c7-e05d-49f3-9ca2-1946001d341a', 'Crackers - Water', '2019-08-20', '2019-04-16', 'c6478c53-1835-4a25-badc-6b45e490876c', 'https://robohash.org/etveliteum.bmp?size=50x50&set=set1', '$171.39');
insert into PRODUCT (id, name, created_at, updated_at, category_id, pic_location, price) values ('0627707e-22bc-4c62-a746-5bc9352749f2', 'Crush - Grape, 355 Ml', '2019-11-18', '2019-12-01', 'c6478c53-1835-4a25-badc-6b45e490876c', 'https://robohash.org/occaecatiimpeditincidunt.png?size=50x50&set=set1', '$96.80');
insert into PRODUCT (id, name, created_at, updated_at, category_id, pic_location, price) values ('2082dd0d-ef1b-46d4-b96e-9ea107f9d3a0', 'Sauce - Hollandaise', '2019-02-16', '2019-09-13', 'ac7c189a-a9d7-4f37-8f55-fee44f108355', 'https://robohash.org/illocorruptiamet.png?size=50x50&set=set1', '$222.04');
insert into PRODUCT (id, name, created_at, updated_at, category_id, pic_location, price) values ('071d28ad-4573-4dec-ad7f-b9e31ef08cc7', 'Lettuce - Spring Mix', '2019-05-24', '2019-09-27', 'c6478c53-1835-4a25-badc-6b45e490876c', 'https://robohash.org/accusamusnonquod.png?size=50x50&set=set1', '$100.06');
insert into PRODUCT (id, name, created_at, updated_at, category_id, pic_location, price) values ('954d2d73-f54d-4c41-a70d-efa7014cffe8', 'Pork Ham Prager', '2019-10-14', null, 'ac7c189a-a9d7-4f37-8f55-fee44f108355', 'https://robohash.org/velrepellendusaut.bmp?size=50x50&set=set1', '$58.12');
insert into PRODUCT (id, name, created_at, updated_at, category_id, pic_location, price) values ('dbc90f65-90cf-482f-8164-0fd1ea637342', 'Soup - Campbells, Lentil', '2019-10-17', '2019-10-03', 'ac7c189a-a9d7-4f37-8f55-fee44f108355', 'https://robohash.org/odioaliasreiciendis.jpg?size=50x50&set=set1', '$239.61');
insert into PRODUCT (id, name, created_at, updated_at, category_id, pic_location, price) values ('f8c65b76-b10d-4ee6-81f2-9c5268347377', 'Milkettes - 2%', '2019-05-09', null, 'c6478c53-1835-4a25-badc-6b45e490876c', 'https://robohash.org/illoautreprehenderit.png?size=50x50&set=set1', '$190.41');
insert into PRODUCT (id, name, created_at, updated_at, category_id, pic_location, price) values ('b428f550-068f-4e57-8983-00a62079aa7e', 'Wine - Beringer Founders Estate', '2019-11-04', '2020-01-14', 'ac7c189a-a9d7-4f37-8f55-fee44f108355', 'https://robohash.org/eaeiustemporibus.bmp?size=50x50&set=set1', '$247.49');
insert into PRODUCT (id, name, created_at, updated_at, category_id, pic_location, price) values ('be4ba691-1db5-4323-b03e-53912b2bc41c', 'Cookie Choc', '2019-04-28', null, 'c6478c53-1835-4a25-badc-6b45e490876c', 'https://robohash.org/sintinquis.bmp?size=50x50&set=set1', '$184.26');
insert into PRODUCT (id, name, created_at, updated_at, category_id, pic_location, price) values ('44857d2a-07de-407d-bea5-c82a44865cb7', 'Banana - Leaves', '2019-08-17', '2019-10-09', 'c6478c53-1835-4a25-badc-6b45e490876c', 'https://robohash.org/autsuntet.bmp?size=50x50&set=set1', '$63.81');
insert into PRODUCT (id, name, created_at, updated_at, category_id, pic_location, price) values ('6e0d6fb5-cad3-4c0a-a3ad-836d8c06ba8f', 'Prunes - Pitted', '2019-09-28', null, '6fd40977-a429-4959-8497-36b93d19769c', 'https://robohash.org/quiitaqueab.jpg?size=50x50&set=set1', '$173.03');
insert into PRODUCT (id, name, created_at, updated_at, category_id, pic_location, price) values ('8aa1ca72-1c42-4976-add4-7f6d073d4b99', 'Sherbet - Raspberry', '2019-04-18', '2019-07-03', '6d176685-2c6a-489d-9988-684a22903244', 'https://robohash.org/nisiplaceatsimilique.bmp?size=50x50&set=set1', '$134.96');
insert into PRODUCT (id, name, created_at, updated_at, category_id, pic_location, price) values ('f1f6131e-ed37-46e4-84ca-8b8eecf77a26', 'Tabasco Sauce, 2 Oz', '2019-12-31', '2019-08-18', '814642d2-7dcc-4279-91b7-70e368127a78', 'https://robohash.org/etetcommodi.png?size=50x50&set=set1', '$123.58');
insert into PRODUCT (id, name, created_at, updated_at, category_id, pic_location, price) values ('63c2c239-e8b0-4ad3-aa59-462e26648527', 'Pepper - Green Thai', '2019-04-05', '2019-11-10', '814642d2-7dcc-4279-91b7-70e368127a78', 'https://robohash.org/assumendaoccaecatiesse.jpg?size=50x50&set=set1', '$281.99');
insert into PRODUCT (id, name, created_at, updated_at, category_id, pic_location, price) values ('ce6b4fe6-98e2-416e-a8f1-b37850681336', 'Sugar - Splenda Sweetener', '2020-01-18', '2019-02-27', 'ac7c189a-a9d7-4f37-8f55-fee44f108355', 'https://robohash.org/estestcumque.png?size=50x50&set=set1', '$204.40');
insert into PRODUCT (id, name, created_at, updated_at, category_id, pic_location, price) values ('caf97e7b-5946-4a66-842f-b067c5a7cdeb', 'Juice - Cranberry 284ml', '2019-07-24', '2019-10-23', '6fd40977-a429-4959-8497-36b93d19769c', 'https://robohash.org/repellendusexercitationemdignissimos.jpg?size=50x50&set=set1', '$70.14');
insert into PRODUCT (id, name, created_at, updated_at, category_id, pic_location, price) values ('b59f1681-725e-4c12-8a84-8102fb60dc36', 'Oil - Food, Lacquer Spray', '2019-11-24', '2019-07-29', 'ac7c189a-a9d7-4f37-8f55-fee44f108355', 'https://robohash.org/inquia.bmp?size=50x50&set=set1', '$118.23');
insert into PRODUCT (id, name, created_at, updated_at, category_id, pic_location, price) values ('cf0cc681-3a09-4215-a1b2-5eb90066284e', 'Beans - Green', '2019-05-24', null, 'ac7c189a-a9d7-4f37-8f55-fee44f108355', 'https://robohash.org/saepesintea.jpg?size=50x50&set=set1', '$165.30');
insert into PRODUCT (id, name, created_at, updated_at, category_id, pic_location, price) values ('c403fa0a-352e-4d21-8c17-ae51d7de67dd', 'Cheese - Valancey', '2019-09-26', '2019-10-12', '814642d2-7dcc-4279-91b7-70e368127a78', 'https://robohash.org/suscipitdoloremnemo.png?size=50x50&set=set1', '$80.97');
insert into PRODUCT (id, name, created_at, updated_at, category_id, pic_location, price) values ('c33781b5-0869-4e92-acc9-8fc95df30373', 'Wine - Rosso Toscano Igt', '2019-02-18', '2019-10-01', 'ac7c189a-a9d7-4f37-8f55-fee44f108355', 'https://robohash.org/sedlaudantiumdelectus.bmp?size=50x50&set=set1', '$115.97');
insert into PRODUCT (id, name, created_at, updated_at, category_id, pic_location, price) values ('393fb32f-0564-4d54-8e85-12e621466e2e', 'Chicken - Bones', '2019-04-17', '2019-08-09', '6fd40977-a429-4959-8497-36b93d19769c', 'https://robohash.org/sedvoluptatemsoluta.jpg?size=50x50&set=set1', '$237.15');
insert into PRODUCT (id, name, created_at, updated_at, category_id, pic_location, price) values ('a25d253f-f286-4c11-8f75-def0c3239f31', 'Beef Tenderloin Aaa', '2019-05-17', '2019-05-21', '6d176685-2c6a-489d-9988-684a22903244', 'https://robohash.org/delectusfugiatvoluptas.jpg?size=50x50&set=set1', '$227.77');
insert into PRODUCT (id, name, created_at, updated_at, category_id, pic_location, price) values ('ab058f3a-8981-49dd-82f5-2adc7a28d23f', 'Anchovy Fillets', '2019-04-27', '2019-05-02', '6fd40977-a429-4959-8497-36b93d19769c', 'https://robohash.org/odiorerumtempora.jpg?size=50x50&set=set1', '$193.93');
insert into PRODUCT (id, name, created_at, updated_at, category_id, pic_location, price) values ('8b7cdc22-cd52-44de-985e-5f0358a00f28', 'Beets', '2019-08-02', null, '6d176685-2c6a-489d-9988-684a22903244', 'https://robohash.org/perspiciatisvoluptatemomnis.png?size=50x50&set=set1', '$260.20');
insert into PRODUCT (id, name, created_at, updated_at, category_id, pic_location, price) values ('fd2c7c40-9635-4c39-be22-b6872a73ba05', 'Cheese - Comte', '2019-06-17', null, 'ac7c189a-a9d7-4f37-8f55-fee44f108355', 'https://robohash.org/molestiaeetnumquam.bmp?size=50x50&set=set1', '$235.95');
insert into PRODUCT (id, name, created_at, updated_at, category_id, pic_location, price) values ('823d3eb1-81e1-4e39-8ce2-d89843893173', 'Port - 74 Brights', '2019-12-10', null, 'ac7c189a-a9d7-4f37-8f55-fee44f108355', 'https://robohash.org/quisassumendaporro.jpg?size=50x50&set=set1', '$281.19');
insert into PRODUCT (id, name, created_at, updated_at, category_id, pic_location, price) values ('17dc008d-3608-4e1e-878c-4c86bc4902f7', 'Venison - Ground', '2019-08-04', '2019-07-21', 'ac7c189a-a9d7-4f37-8f55-fee44f108355', 'https://robohash.org/accusantiumvitaevoluptatem.png?size=50x50&set=set1', '$157.16');
insert into PRODUCT (id, name, created_at, updated_at, category_id, pic_location, price) values ('c700e586-7ab6-464b-b878-9e0a0428ce84', 'Food Colouring - Red', '2020-01-15', '2019-05-30', 'c6478c53-1835-4a25-badc-6b45e490876c', 'https://robohash.org/utautaut.png?size=50x50&set=set1', '$61.55');
insert into PRODUCT (id, name, created_at, updated_at, category_id, pic_location, price) values ('e9123bfa-b5a0-4c2a-a034-02c4cdf6c4d3', 'Napkin White', '2019-03-25', '2019-04-14', '6d176685-2c6a-489d-9988-684a22903244', 'https://robohash.org/autquisid.bmp?size=50x50&set=set1', '$136.83');
insert into PRODUCT (id, name, created_at, updated_at, category_id, pic_location, price) values ('65181b6a-b200-49a9-a5fe-315be1073830', 'Cinnamon Buns Sticky', '2019-08-30', null, 'c6478c53-1835-4a25-badc-6b45e490876c', 'https://robohash.org/cumqueveniamnihil.bmp?size=50x50&set=set1', '$189.58');
insert into PRODUCT (id, name, created_at, updated_at, category_id, pic_location, price) values ('2ac9d52d-5c14-4cbe-8942-41e1ac6e9c54', 'Pasta - Orecchiette', '2019-12-01', '2019-06-03', '814642d2-7dcc-4279-91b7-70e368127a78', 'https://robohash.org/quosapienteaut.jpg?size=50x50&set=set1', '$86.56');
insert into PRODUCT (id, name, created_at, updated_at, category_id, pic_location, price) values ('0aac0185-e14d-44b4-b96a-7027cdf86665', 'Mussels - Cultivated', '2019-06-07', '2020-01-09', 'ac7c189a-a9d7-4f37-8f55-fee44f108355', 'https://robohash.org/etundesed.bmp?size=50x50&set=set1', '$111.19');
insert into PRODUCT (id, name, created_at, updated_at, category_id, pic_location, price) values ('28887c63-53d0-40e9-8f7b-a4563c7992db', 'Tomato Puree', '2019-12-03', '2019-05-27', 'c6478c53-1835-4a25-badc-6b45e490876c', 'https://robohash.org/rationedoloreset.bmp?size=50x50&set=set1', '$199.92');
insert into PRODUCT (id, name, created_at, updated_at, category_id, pic_location, price) values ('3bb3d5e2-00b1-4049-b8ac-cec950934536', 'Garbage Bag - Clear', '2019-12-05', null, '6fd40977-a429-4959-8497-36b93d19769c', 'https://robohash.org/rerumipsamet.bmp?size=50x50&set=set1', '$159.50');
insert into PRODUCT (id, name, created_at, updated_at, category_id, pic_location, price) values ('897c792f-a7b4-4ee6-8e08-b0502e7c0c6d', 'Chocolate - Milk, Callets', '2019-11-11', null, 'c6478c53-1835-4a25-badc-6b45e490876c', 'https://robohash.org/asperioresquostempore.bmp?size=50x50&set=set1', '$79.70');
insert into PRODUCT (id, name, created_at, updated_at, category_id, pic_location, price) values ('e44f177b-a314-46af-bf86-3ec49b5052f2', 'Bread - Roll, Whole Wheat', '2019-08-26', '2020-01-01', '6d176685-2c6a-489d-9988-684a22903244', 'https://robohash.org/explicabodoloremqueomnis.bmp?size=50x50&set=set1', '$136.96');
insert into PRODUCT (id, name, created_at, updated_at, category_id, pic_location, price) values ('28aaf3fd-a785-4273-a426-eb8c31c226ea', 'Straws - Cocktale', '2019-03-04', null, '814642d2-7dcc-4279-91b7-70e368127a78', 'https://robohash.org/magnialiquamqui.bmp?size=50x50&set=set1', '$94.17');
insert into PRODUCT (id, name, created_at, updated_at, category_id, pic_location, price) values ('ed4148d4-4255-408b-a371-1b98ccd80a0d', 'Beef Ground Medium', '2019-11-21', '2019-07-28', '6fd40977-a429-4959-8497-36b93d19769c', 'https://robohash.org/fugitetillo.jpg?size=50x50&set=set1', '$290.59');
insert into PRODUCT (id, name, created_at, updated_at, category_id, pic_location, price) values ('3de1ffad-dda0-456f-8116-76309a830d56', 'Pork - Back Ribs', '2019-09-25', '2020-01-22', 'ac7c189a-a9d7-4f37-8f55-fee44f108355', 'https://robohash.org/animinumquamvel.jpg?size=50x50&set=set1', '$105.37');
insert into PRODUCT (id, name, created_at, updated_at, category_id, pic_location, price) values ('5552c749-9780-4520-b5b7-45f39165304c', 'Bacardi Limon', '2019-11-04', '2019-10-14', '814642d2-7dcc-4279-91b7-70e368127a78', 'https://robohash.org/sedautpraesentium.jpg?size=50x50&set=set1', '$100.12');
insert into PRODUCT (id, name, created_at, updated_at, category_id, pic_location, price) values ('b77c07bf-0dee-4854-a7de-64bf0649726a', 'Spice - Peppercorn Melange', '2019-06-05', '2019-11-16', '6d176685-2c6a-489d-9988-684a22903244', 'https://robohash.org/etsedpossimus.jpg?size=50x50&set=set1', '$234.20');
insert into PRODUCT (id, name, created_at, updated_at, category_id, pic_location, price) values ('3dfcc7f0-730d-4d8c-a45d-abdbaa006d1d', 'Kohlrabi', '2019-05-26', '2019-06-02', '6d176685-2c6a-489d-9988-684a22903244', 'https://robohash.org/magniatdolorem.bmp?size=50x50&set=set1', '$128.50');
insert into PRODUCT (id, name, created_at, updated_at, category_id, pic_location, price) values ('77ef71b7-1562-4b1d-b85a-0df97b32ba40', 'Flavouring - Rum', '2019-07-09', null, 'c6478c53-1835-4a25-badc-6b45e490876c', 'https://robohash.org/blanditiisaccusantiumvoluptas.jpg?size=50x50&set=set1', '$51.58');
insert into PRODUCT (id, name, created_at, updated_at, category_id, pic_location, price) values ('5810482c-2b51-4816-8d87-73194d814b44', 'Lamb - Pieces, Diced', '2019-11-28', '2019-08-02', '814642d2-7dcc-4279-91b7-70e368127a78', 'https://robohash.org/repudiandaequiseum.png?size=50x50&set=set1', '$58.44');
insert into PRODUCT (id, name, created_at, updated_at, category_id, pic_location, price) values ('f6348c4e-a4c9-447b-8c2b-496284246d2b', 'Cheese - Perron Cheddar', '2019-09-15', '2019-12-03', 'c6478c53-1835-4a25-badc-6b45e490876c', 'https://robohash.org/inciduntsuntaut.jpg?size=50x50&set=set1', '$161.99');
insert into PRODUCT (id, name, created_at, updated_at, category_id, pic_location, price) values ('389cd80b-870f-4860-8d94-8fada5bcd879', 'Oil - Cooking Spray', '2019-09-14', null, 'ac7c189a-a9d7-4f37-8f55-fee44f108355', 'https://robohash.org/cumquequaerataccusantium.png?size=50x50&set=set1', '$210.48');
insert into PRODUCT (id, name, created_at, updated_at, category_id, pic_location, price) values ('52bb4ce7-bb5d-4aa6-b2e7-d479a469f1df', 'Bread - Ciabatta Buns', '2019-05-20', null, '6d176685-2c6a-489d-9988-684a22903244', 'https://robohash.org/eaaccusamuslibero.bmp?size=50x50&set=set1', '$70.53');
insert into PRODUCT (id, name, created_at, updated_at, category_id, pic_location, price) values ('43abb3f1-fa8a-4cf4-8358-2b57369d293c', 'Tobasco Sauce', '2019-08-14', '2019-04-15', '6d176685-2c6a-489d-9988-684a22903244', 'https://robohash.org/quisdelenitiodio.bmp?size=50x50&set=set1', '$259.03');
insert into PRODUCT (id, name, created_at, updated_at, category_id, pic_location, price) values ('4845fa81-9763-44a4-8569-203fa03e9d8e', 'Ice Cream - Life Savers', '2019-10-05', '2019-12-07', '6d176685-2c6a-489d-9988-684a22903244', 'https://robohash.org/adipisciquicorporis.jpg?size=50x50&set=set1', '$178.01');
insert into PRODUCT (id, name, created_at, updated_at, category_id, pic_location, price) values ('c4a3741f-c0e0-40c2-8a2b-e31bdb4734b6', 'Bread - Roll, Whole Wheat', '2019-11-12', '2019-03-05', '6fd40977-a429-4959-8497-36b93d19769c', 'https://robohash.org/molestiasundevoluptatem.png?size=50x50&set=set1', '$226.25');
insert into PRODUCT (id, name, created_at, updated_at, category_id, pic_location, price) values ('5c190d3d-71d7-4fed-9400-5001a89d101f', 'Lettuce - Frisee', '2019-09-10', null, 'c6478c53-1835-4a25-badc-6b45e490876c', 'https://robohash.org/estmagninon.jpg?size=50x50&set=set1', '$162.42');
insert into PRODUCT (id, name, created_at, updated_at, category_id, pic_location, price) values ('ffba2a3c-cd7f-4cea-90db-42c42dab6751', 'English Muffin', '2019-11-04', '2020-01-27', 'c6478c53-1835-4a25-badc-6b45e490876c', 'https://robohash.org/itaqueofficiisamet.bmp?size=50x50&set=set1', '$199.97');
insert into PRODUCT (id, name, created_at, updated_at, category_id, pic_location, price) values ('9d3f32ab-b56e-48a9-a989-8a3030cf57f0', 'Nantucket Cranberry Juice', '2019-08-19', null, 'ac7c189a-a9d7-4f37-8f55-fee44f108355', 'https://robohash.org/utnonsoluta.bmp?size=50x50&set=set1', '$150.38');
insert into PRODUCT (id, name, created_at, updated_at, category_id, pic_location, price) values ('ae24f9bd-8db3-4b28-a9cd-521a70ddf388', 'Soup - Knorr, Chicken Noodle', '2019-12-06', '2019-10-02', 'ac7c189a-a9d7-4f37-8f55-fee44f108355', 'https://robohash.org/nesciuntdictaporro.bmp?size=50x50&set=set1', '$117.34');
insert into PRODUCT (id, name, created_at, updated_at, category_id, pic_location, price) values ('c5737efe-5e8b-4572-801f-ce5b96cc5e6b', 'Whmis Spray Bottle Graduated', '2019-12-06', null, 'ac7c189a-a9d7-4f37-8f55-fee44f108355', 'https://robohash.org/nostrumanimiqui.png?size=50x50&set=set1', '$116.96');
insert into PRODUCT (id, name, created_at, updated_at, category_id, pic_location, price) values ('3525165c-d09f-49e3-af1b-0dc439dcd83b', 'Cloves - Ground', '2019-05-31', null, '814642d2-7dcc-4279-91b7-70e368127a78', 'https://robohash.org/doloremconsequaturexcepturi.png?size=50x50&set=set1', '$160.01');
insert into PRODUCT (id, name, created_at, updated_at, category_id, pic_location, price) values ('6ddd87ff-7842-4b9a-9c7b-9b150f26d3cb', 'Phyllo Dough', '2019-03-21', null, 'c6478c53-1835-4a25-badc-6b45e490876c', 'https://robohash.org/quieumnecessitatibus.png?size=50x50&set=set1', '$70.10');
insert into PRODUCT (id, name, created_at, updated_at, category_id, pic_location, price) values ('8f2b025c-2aae-4279-89d2-e4af51dc4954', 'Sun - Dried Tomatoes', '2020-02-04', '2019-02-22', '6d176685-2c6a-489d-9988-684a22903244', 'https://robohash.org/totamullamnecessitatibus.png?size=50x50&set=set1', '$116.94');
insert into PRODUCT (id, name, created_at, updated_at, category_id, pic_location, price) values ('2b918cf6-f345-4366-8ae3-780e22373009', 'Soup - Base Broth Chix', '2019-10-28', null, 'ac7c189a-a9d7-4f37-8f55-fee44f108355', 'https://robohash.org/namestamet.png?size=50x50&set=set1', '$154.51');
insert into PRODUCT (id, name, created_at, updated_at, category_id, pic_location, price) values ('bca2047d-7d92-4d82-b93f-55a54de34478', 'Tendrils - Baby Pea, Organic', '2019-12-18', '2019-06-03', '6fd40977-a429-4959-8497-36b93d19769c', 'https://robohash.org/consequaturenimdolor.bmp?size=50x50&set=set1', '$137.13');
insert into PRODUCT (id, name, created_at, updated_at, category_id, pic_location, price) values ('ff9d6cec-6b7b-4f56-a153-8999366e1ab2', 'Phyllo Dough', '2019-05-21', '2019-09-08', '6d176685-2c6a-489d-9988-684a22903244', 'https://robohash.org/nesciuntipsadolor.png?size=50x50&set=set1', '$278.95');
insert into PRODUCT (id, name, created_at, updated_at, category_id, pic_location, price) values ('7e3c484e-14ed-4ef6-a9f7-97fda9e91cfe', 'Longos - Chicken Wings', '2019-07-09', '2019-02-16', 'c6478c53-1835-4a25-badc-6b45e490876c', 'https://robohash.org/perspiciatisliberosimilique.bmp?size=50x50&set=set1', '$132.53');
insert into PRODUCT (id, name, created_at, updated_at, category_id, pic_location, price) values ('4440d455-a95e-44eb-bf39-f24f6a533076', 'Artichoke - Bottom, Canned', '2019-09-26', null, '6fd40977-a429-4959-8497-36b93d19769c', 'https://robohash.org/nostrumquireprehenderit.png?size=50x50&set=set1', '$284.46');
insert into PRODUCT (id, name, created_at, updated_at, category_id, pic_location, price) values ('fb7ab10c-941a-4f02-8227-fd3a227b3a64', 'Capon - Whole', '2019-05-22', '2019-09-24', '6d176685-2c6a-489d-9988-684a22903244', 'https://robohash.org/vitaemaximeea.bmp?size=50x50&set=set1', '$162.66');
insert into PRODUCT (id, name, created_at, updated_at, category_id, pic_location, price) values ('043e419b-312d-4df7-9663-8938c4a28bb0', 'Jagermeister', '2019-07-29', '2019-04-30', 'ac7c189a-a9d7-4f37-8f55-fee44f108355', 'https://robohash.org/voluptasetet.jpg?size=50x50&set=set1', '$164.67');
insert into PRODUCT (id, name, created_at, updated_at, category_id, pic_location, price) values ('ad447a85-a00e-43b6-9af4-d8c2be3b2e29', 'Dish Towel', '2019-09-24', '2019-06-30', '6fd40977-a429-4959-8497-36b93d19769c', 'https://robohash.org/iustoexercitationemab.png?size=50x50&set=set1', '$72.58');
insert into PRODUCT (id, name, created_at, updated_at, category_id, pic_location, price) values ('ed52246f-3db9-438b-a6e9-457ea3db2344', 'Wine - Jafflin Bourgongone', '2019-06-29', null, 'ac7c189a-a9d7-4f37-8f55-fee44f108355', 'https://robohash.org/optiobeataeet.png?size=50x50&set=set1', '$148.49');
insert into PRODUCT (id, name, created_at, updated_at, category_id, pic_location, price) values ('e9835e0d-3c17-4f76-9457-babfa9015297', 'Lamb - Whole Head Off', '2019-10-17', null, 'ac7c189a-a9d7-4f37-8f55-fee44f108355', 'https://robohash.org/etfacilisiure.png?size=50x50&set=set1', '$133.93');
insert into PRODUCT (id, name, created_at, updated_at, category_id, pic_location, price) values ('1d14bc0f-02f7-4e82-8089-c18c8979ca0d', 'Basil - Seedlings Cookstown', '2020-02-08', '2020-02-03', '814642d2-7dcc-4279-91b7-70e368127a78', 'https://robohash.org/doloredignissimosvoluptatibus.bmp?size=50x50&set=set1', '$89.30');
insert into PRODUCT (id, name, created_at, updated_at, category_id, pic_location, price) values ('956264ad-8643-4c2d-a32c-a039c6e39d3b', 'Wine - White, Schroder And Schyl', '2019-02-26', '2019-06-03', 'ac7c189a-a9d7-4f37-8f55-fee44f108355', 'https://robohash.org/repudiandaeiurevitae.bmp?size=50x50&set=set1', '$90.47');
insert into PRODUCT (id, name, created_at, updated_at, category_id, pic_location, price) values ('83702316-a629-4f8d-8144-8ace5ee33448', 'Steampan - Lid For Half Size', '2019-03-10', null, '814642d2-7dcc-4279-91b7-70e368127a78', 'https://robohash.org/evenietinvel.bmp?size=50x50&set=set1', '$137.54');
insert into PRODUCT (id, name, created_at, updated_at, category_id, pic_location, price) values ('f5aa4af0-3fb8-4321-b535-58838a5783d0', 'Bread - Onion Focaccia', '2019-04-29', '2019-12-14', 'c6478c53-1835-4a25-badc-6b45e490876c', 'https://robohash.org/repellendusutvoluptas.jpg?size=50x50&set=set1', '$79.72');
insert into PRODUCT (id, name, created_at, updated_at, category_id, pic_location, price) values ('8442c42d-da28-4d76-9abe-c74ee1bcb2f3', 'Vegetable - Base', '2019-12-26', '2019-05-23', 'ac7c189a-a9d7-4f37-8f55-fee44f108355', 'https://robohash.org/nonperferendisnobis.bmp?size=50x50&set=set1', '$266.39');
insert into PRODUCT (id, name, created_at, updated_at, category_id, pic_location, price) values ('87d60cf7-4674-454b-9c65-16ca482662d9', 'Marjoram - Fresh', '2019-04-02', '2019-09-25', '814642d2-7dcc-4279-91b7-70e368127a78', 'https://robohash.org/delenitinulladistinctio.bmp?size=50x50&set=set1', '$75.43');
insert into PRODUCT (id, name, created_at, updated_at, category_id, pic_location, price) values ('c974d0a8-b370-439c-a7e2-613f0fbd19c7', 'Nantucket - Carrot Orange', '2019-12-20', null, 'ac7c189a-a9d7-4f37-8f55-fee44f108355', 'https://robohash.org/rerumadipiscisoluta.png?size=50x50&set=set1', '$253.51');
insert into PRODUCT (id, name, created_at, updated_at, category_id, pic_location, price) values ('b72c81d0-a5f0-4278-af4c-1db64b0b03f6', 'Bread - Focaccia Quarter', '2019-04-05', '2019-03-09', '6fd40977-a429-4959-8497-36b93d19769c', 'https://robohash.org/autetlaboriosam.jpg?size=50x50&set=set1', '$179.75');
insert into PRODUCT (id, name, created_at, updated_at, category_id, pic_location, price) values ('7b442f65-007e-4870-a6af-0933ccfce6c0', 'Wine - Fat Bastard Merlot', '2019-04-18', null, '6d176685-2c6a-489d-9988-684a22903244', 'https://robohash.org/laborevelitdeserunt.png?size=50x50&set=set1', '$66.25');
insert into PRODUCT (id, name, created_at, updated_at, category_id, pic_location, price) values ('ba16b164-8ef6-478a-bf7b-38b4028ebd7d', 'Dr. Pepper - 355ml', '2019-02-22', '2019-06-30', 'ac7c189a-a9d7-4f37-8f55-fee44f108355', 'https://robohash.org/liberoimpeditvoluptates.png?size=50x50&set=set1', '$220.97');
insert into PRODUCT (id, name, created_at, updated_at, category_id, pic_location, price) values ('66c9b5e1-f1c3-48eb-8492-ba7e3e4b9dfb', 'Maintenance Removal Charge', '2019-05-01', null, '6d176685-2c6a-489d-9988-684a22903244', 'https://robohash.org/doloresbeataequi.jpg?size=50x50&set=set1', '$120.57');
insert into PRODUCT (id, name, created_at, updated_at, category_id, pic_location, price) values ('8d161fdd-6c03-4147-9bdc-775eca2674c8', 'Pate Pans Yellow', '2019-06-29', '2019-09-05', '814642d2-7dcc-4279-91b7-70e368127a78', 'https://robohash.org/dignissimostemporerepudiandae.png?size=50x50&set=set1', '$113.91');
insert into PRODUCT (id, name, created_at, updated_at, category_id, pic_location, price) values ('8ebf7230-19e2-4a67-8683-b83d5cf98de4', 'Poppy Seed', '2019-06-04', '2019-04-16', '6d176685-2c6a-489d-9988-684a22903244', 'https://robohash.org/ipsamexplicaboaut.png?size=50x50&set=set1', '$151.81');
insert into PRODUCT (id, name, created_at, updated_at, category_id, pic_location, price) values ('c36f50e2-ee9b-4c63-bb5d-4cc704ef762e', 'Crackers - Water', '2019-04-27', null, 'c6478c53-1835-4a25-badc-6b45e490876c', 'https://robohash.org/quianonquasi.bmp?size=50x50&set=set1', '$254.52');
insert into PRODUCT (id, name, created_at, updated_at, category_id, pic_location, price) values ('0950658b-38f0-40c4-8a04-d4b09d6dbd15', 'Lady Fingers', '2019-06-23', '2019-02-24', '814642d2-7dcc-4279-91b7-70e368127a78', 'https://robohash.org/sintveniamiusto.png?size=50x50&set=set1', '$240.22');
insert into PRODUCT (id, name, created_at, updated_at, category_id, pic_location, price) values ('2b550028-c852-41d1-93d3-c73186d231d7', 'Puree - Passion Fruit', '2019-10-27', '2019-10-12', '814642d2-7dcc-4279-91b7-70e368127a78', 'https://robohash.org/istequibusdamet.bmp?size=50x50&set=set1', '$122.01');
insert into PRODUCT (id, name, created_at, updated_at, category_id, pic_location, price) values ('f90942ab-f353-48fd-8a71-a19967dcd52b', 'Pate Pans Yellow', '2019-08-17', '2019-02-20', '6fd40977-a429-4959-8497-36b93d19769c', 'https://robohash.org/autemetnemo.bmp?size=50x50&set=set1', '$170.56');
insert into PRODUCT (id, name, created_at, updated_at, category_id, pic_location, price) values ('4838b1ac-e34a-4dc2-b68e-d330254bf649', 'Wine - Redchard Merritt', '2020-01-17', '2019-07-10', '814642d2-7dcc-4279-91b7-70e368127a78', 'https://robohash.org/absintsequi.jpg?size=50x50&set=set1', '$226.78');
insert into PRODUCT (id, name, created_at, updated_at, category_id, pic_location, price) values ('651bf7f0-12b4-441b-a1b3-a2d4d25acdcc', 'Tahini Paste', '2019-07-04', '2019-08-17', '6fd40977-a429-4959-8497-36b93d19769c', 'https://robohash.org/consequaturconsequaturin.png?size=50x50&set=set1', '$191.90');
insert into PRODUCT (id, name, created_at, updated_at, category_id, pic_location, price) values ('ccd1001f-7a20-4e5b-a492-74cf7a5afbea', 'Beans - Kidney, Red Dry', '2019-06-26', '2020-02-11', '814642d2-7dcc-4279-91b7-70e368127a78', 'https://robohash.org/adipiscivoluptatemnisi.jpg?size=50x50&set=set1', '$142.25');
insert into PRODUCT (id, name, created_at, updated_at, category_id, pic_location, price) values ('678e20b4-2f48-4997-a649-71ed644848fb', 'Melon - Watermelon, Seedless', '2019-08-20', '2019-08-19', '6d176685-2c6a-489d-9988-684a22903244', 'https://robohash.org/optiorerumbeatae.jpg?size=50x50&set=set1', '$193.41');
insert into PRODUCT (id, name, created_at, updated_at, category_id, pic_location, price) values ('50715c41-ab5e-4b2c-a0ab-8bc386ff8844', 'Scallops - 10/20', '2019-09-04', null, '6d176685-2c6a-489d-9988-684a22903244', 'https://robohash.org/magniinest.bmp?size=50x50&set=set1', '$268.88');
insert into PRODUCT (id, name, created_at, updated_at, category_id, pic_location, price) values ('323df7cd-dcc9-4964-8248-349562160923', 'Pepper - Red Chili', '2019-05-05', '2019-04-18', 'c6478c53-1835-4a25-badc-6b45e490876c', 'https://robohash.org/suscipitestid.jpg?size=50x50&set=set1', '$287.48');
insert into PRODUCT (id, name, created_at, updated_at, category_id, pic_location, price) values ('b6beebbb-277a-41c7-aa23-75138bf1bae8', 'Cookies - Amaretto', '2020-01-15', '2019-05-14', 'ac7c189a-a9d7-4f37-8f55-fee44f108355', 'https://robohash.org/noncumqueeaque.bmp?size=50x50&set=set1', '$284.07');
insert into PRODUCT (id, name, created_at, updated_at, category_id, pic_location, price) values ('df04c582-770d-4488-9ca8-2ba39053b423', 'Grouper - Fresh', '2019-03-13', null, '814642d2-7dcc-4279-91b7-70e368127a78', 'https://robohash.org/odiomagnicumque.bmp?size=50x50&set=set1', '$218.89');
insert into PRODUCT (id, name, created_at, updated_at, category_id, pic_location, price) values ('383745c7-d87f-48d6-bd90-9e3a76496b0d', 'Mushroom - Shitake, Dry', '2019-07-14', '2019-09-09', '814642d2-7dcc-4279-91b7-70e368127a78', 'https://robohash.org/sedatquequis.bmp?size=50x50&set=set1', '$138.76');
insert into PRODUCT (id, name, created_at, updated_at, category_id, pic_location, price) values ('d2bb6019-cb2f-4f18-8900-7ec4cec60742', 'Sauce Bbq Smokey', '2019-06-16', '2019-03-13', '6d176685-2c6a-489d-9988-684a22903244', 'https://robohash.org/cumbeataeet.png?size=50x50&set=set1', '$257.02');
insert into PRODUCT (id, name, created_at, updated_at, category_id, pic_location, price) values ('ee469409-4f66-4322-99ac-110a25f5f6a7', 'Lobster - Canned Premium', '2019-09-23', '2019-11-09', '6fd40977-a429-4959-8497-36b93d19769c', 'https://robohash.org/averoest.png?size=50x50&set=set1', '$192.30');
insert into PRODUCT (id, name, created_at, updated_at, category_id, pic_location, price) values ('cb5a6862-b781-44de-bc56-985338ef5d15', 'Sherbet - Raspberry', '2019-07-10', null, '6d176685-2c6a-489d-9988-684a22903244', 'https://robohash.org/animiinventoreaccusamus.bmp?size=50x50&set=set1', '$248.38');
insert into PRODUCT (id, name, created_at, updated_at, category_id, pic_location, price) values ('9903357a-e0b0-4bf1-87c7-28668864b8fd', 'Tea - Decaf Lipton', '2019-09-28', null, '6d176685-2c6a-489d-9988-684a22903244', 'https://robohash.org/adomnisaperiam.bmp?size=50x50&set=set1', '$98.17');
insert into PRODUCT (id, name, created_at, updated_at, category_id, pic_location, price) values ('0f20c564-7f62-4da0-8b3c-c72155813f66', 'Wiberg Cure', '2020-01-18', '2019-04-20', '814642d2-7dcc-4279-91b7-70e368127a78', 'https://robohash.org/undeinearum.png?size=50x50&set=set1', '$165.00');
insert into PRODUCT (id, name, created_at, updated_at, category_id, pic_location, price) values ('206397c6-7c75-4a6b-97ac-dabf3c9de86b', 'Bread - Onion Focaccia', '2019-07-17', '2020-02-09', 'c6478c53-1835-4a25-badc-6b45e490876c', 'https://robohash.org/consequaturquoexcepturi.jpg?size=50x50&set=set1', '$206.09');
insert into PRODUCT (id, name, created_at, updated_at, category_id, pic_location, price) values ('856482a6-6013-462a-acfa-8c4ba9aa2881', 'Scrubbie - Scotchbrite Hand Pad', '2019-10-02', '2020-01-01', 'ac7c189a-a9d7-4f37-8f55-fee44f108355', 'https://robohash.org/cumquefacerealias.png?size=50x50&set=set1', '$229.12');
insert into PRODUCT (id, name, created_at, updated_at, category_id, pic_location, price) values ('4749cda7-b403-419c-b9e7-dc13ebee8e16', 'Ginsing - Fresh', '2019-04-20', '2019-06-29', 'c6478c53-1835-4a25-badc-6b45e490876c', 'https://robohash.org/istetemporaesse.png?size=50x50&set=set1', '$244.11');
insert into PRODUCT (id, name, created_at, updated_at, category_id, pic_location, price) values ('9fb7964e-2f0f-44f7-888f-e2cc287d69f8', 'Apron', '2019-10-06', '2019-08-27', '6fd40977-a429-4959-8497-36b93d19769c', 'https://robohash.org/sitdistinctioiusto.png?size=50x50&set=set1', '$59.06');
insert into PRODUCT (id, name, created_at, updated_at, category_id, pic_location, price) values ('101e40ac-95e2-4450-a68d-8efd968625d6', 'Veal - Leg, Provimi - 50 Lb Max', '2019-10-27', null, '6d176685-2c6a-489d-9988-684a22903244', 'https://robohash.org/autemeoseligendi.jpg?size=50x50&set=set1', '$139.23');
insert into PRODUCT (id, name, created_at, updated_at, category_id, pic_location, price) values ('196f750d-0012-4efd-8678-b77921fdf6cd', 'Salsify, Organic', '2019-08-20', '2019-08-12', '814642d2-7dcc-4279-91b7-70e368127a78', 'https://robohash.org/nihilporroeaque.jpg?size=50x50&set=set1', '$120.61');
insert into PRODUCT (id, name, created_at, updated_at, category_id, pic_location, price) values ('2df2412f-5ea1-4906-87f5-2ca8ada26c08', 'Haggis', '2019-04-28', '2019-08-07', '6d176685-2c6a-489d-9988-684a22903244', 'https://robohash.org/sintaliquidsint.jpg?size=50x50&set=set1', '$190.43');
insert into PRODUCT (id, name, created_at, updated_at, category_id, pic_location, price) values ('7a9a0b1a-ca3f-434c-a89f-4d6089806610', 'Crush - Orange, 355ml', '2019-05-07', '2019-07-16', '6fd40977-a429-4959-8497-36b93d19769c', 'https://robohash.org/automnisconsequatur.png?size=50x50&set=set1', '$67.64');
insert into PRODUCT (id, name, created_at, updated_at, category_id, pic_location, price) values ('22ea642a-0094-4e52-9ce5-54470612c006', 'Salt - Sea', '2019-11-17', '2020-01-02', '814642d2-7dcc-4279-91b7-70e368127a78', 'https://robohash.org/autemquisa.jpg?size=50x50&set=set1', '$99.08');
insert into PRODUCT (id, name, created_at, updated_at, category_id, pic_location, price) values ('bc5f49b0-2fc4-4169-a810-c1d2480ecd20', 'Beef - Salted', '2019-02-14', '2019-09-29', 'c6478c53-1835-4a25-badc-6b45e490876c', 'https://robohash.org/blanditiisofficiisrem.bmp?size=50x50&set=set1', '$163.24');
insert into PRODUCT (id, name, created_at, updated_at, category_id, pic_location, price) values ('91477a95-3486-4f8c-8fb4-2d42bfb412a6', 'Rum - Light, Captain Morgan', '2019-09-16', '2019-09-10', '814642d2-7dcc-4279-91b7-70e368127a78', 'https://robohash.org/evenietlaborumearum.png?size=50x50&set=set1', '$97.21');
insert into PRODUCT (id, name, created_at, updated_at, category_id, pic_location, price) values ('5e1d8f05-71f3-48b3-a8da-22dbbb500fc2', 'Nantucket Apple Juice', '2019-11-02', '2020-01-25', 'ac7c189a-a9d7-4f37-8f55-fee44f108355', 'https://robohash.org/teneturessenemo.bmp?size=50x50&set=set1', '$245.67');
insert into PRODUCT (id, name, created_at, updated_at, category_id, pic_location, price) values ('1be60671-d599-4b88-b73c-2c40a5038a3c', 'Soup - French Can Pea', '2020-02-10', '2019-05-05', '814642d2-7dcc-4279-91b7-70e368127a78', 'https://robohash.org/utisteporro.bmp?size=50x50&set=set1', '$286.86');
insert into PRODUCT (id, name, created_at, updated_at, category_id, pic_location, price) values ('d107b3b7-6967-4e66-9115-7009be03304b', 'Oil - Olive Bertolli', '2019-07-19', '2019-10-25', '814642d2-7dcc-4279-91b7-70e368127a78', 'https://robohash.org/laboriosamconsequuntursed.jpg?size=50x50&set=set1', '$236.45');
insert into PRODUCT (id, name, created_at, updated_at, category_id, pic_location, price) values ('c589f78b-f7bc-4911-bb47-1134f0ea411b', 'Pernod', '2019-03-24', '2019-03-08', '6d176685-2c6a-489d-9988-684a22903244', 'https://robohash.org/errorexpeditavoluptas.bmp?size=50x50&set=set1', '$64.32');
insert into PRODUCT (id, name, created_at, updated_at, category_id, pic_location, price) values ('39fccc5b-b6d9-49fc-8608-cf260950ffb3', 'Iced Tea - Lemon, 340ml', '2019-03-08', '2020-01-14', '6fd40977-a429-4959-8497-36b93d19769c', 'https://robohash.org/reprehenderitquifugit.png?size=50x50&set=set1', '$134.85');
insert into PRODUCT (id, name, created_at, updated_at, category_id, pic_location, price) values ('93b857c0-8f30-413f-b8a2-17c9aab5acba', 'Bread - Roll, Calabrese', '2019-08-25', null, 'ac7c189a-a9d7-4f37-8f55-fee44f108355', 'https://robohash.org/velitiureadipisci.jpg?size=50x50&set=set1', '$77.80');
insert into PRODUCT (id, name, created_at, updated_at, category_id, pic_location, price) values ('8ea55110-3f8c-4bb6-8d23-00ebacc733ab', 'Mustard Prepared', '2019-12-06', '2019-03-01', 'c6478c53-1835-4a25-badc-6b45e490876c', 'https://robohash.org/etipsumofficia.bmp?size=50x50&set=set1', '$168.09');
insert into PRODUCT (id, name, created_at, updated_at, category_id, pic_location, price) values ('078c2b98-948a-4579-a981-6d933c066452', 'Lamb - Leg, Bone In', '2019-07-15', '2019-08-03', '6fd40977-a429-4959-8497-36b93d19769c', 'https://robohash.org/excepturinihilnumquam.bmp?size=50x50&set=set1', '$225.93');
insert into PRODUCT (id, name, created_at, updated_at, category_id, pic_location, price) values ('00df1f1d-0522-4b04-a121-e7216c4091c1', 'Black Currants', '2019-08-15', null, 'ac7c189a-a9d7-4f37-8f55-fee44f108355', 'https://robohash.org/inoditmolestiae.jpg?size=50x50&set=set1', '$237.87');
insert into PRODUCT (id, name, created_at, updated_at, category_id, pic_location, price) values ('2d8abc9c-2372-4e51-98ff-43ea875ada0f', 'Hinge W Undercut', '2019-07-02', null, '6fd40977-a429-4959-8497-36b93d19769c', 'https://robohash.org/laudantiumquiamet.png?size=50x50&set=set1', '$162.24');
insert into PRODUCT (id, name, created_at, updated_at, category_id, pic_location, price) values ('8c71330f-5952-4ed1-a698-4b3a1d429782', 'Squid - U 5', '2020-02-04', '2019-07-01', '6d176685-2c6a-489d-9988-684a22903244', 'https://robohash.org/ducimusinsoluta.jpg?size=50x50&set=set1', '$96.51');
insert into PRODUCT (id, name, created_at, updated_at, category_id, pic_location, price) values ('7168cf45-6259-454f-97c7-ff8ee3332ff3', 'Bread - Malt', '2019-05-03', null, '6d176685-2c6a-489d-9988-684a22903244', 'https://robohash.org/voluptasrerumcorrupti.jpg?size=50x50&set=set1', '$112.53');
insert into PRODUCT (id, name, created_at, updated_at, category_id, pic_location, price) values ('0dc64c72-c99d-4496-b205-76654313eeeb', 'Scallop - St. Jaques', '2019-08-20', null, '6d176685-2c6a-489d-9988-684a22903244', 'https://robohash.org/suscipitconsequaturaut.png?size=50x50&set=set1', '$133.34');
insert into PRODUCT (id, name, created_at, updated_at, category_id, pic_location, price) values ('b438ac95-b60f-47c5-a355-23a209961d50', 'Beef - Ox Tongue, Pickled', '2020-01-18', '2019-03-23', '6d176685-2c6a-489d-9988-684a22903244', 'https://robohash.org/molestiassitet.jpg?size=50x50&set=set1', '$172.08');
insert into PRODUCT (id, name, created_at, updated_at, category_id, pic_location, price) values ('47b192b4-9b04-48c7-ae03-c727ff102405', 'Pepper - Cayenne', '2019-09-03', null, '814642d2-7dcc-4279-91b7-70e368127a78', 'https://robohash.org/iddoloribusnihil.png?size=50x50&set=set1', '$238.75');
insert into PRODUCT (id, name, created_at, updated_at, category_id, pic_location, price) values ('ca6fc20a-663e-49b9-930f-8214c1949d3f', 'Tea - Apple Green Tea', '2019-07-13', '2019-02-28', 'ac7c189a-a9d7-4f37-8f55-fee44f108355', 'https://robohash.org/cumcumqueut.jpg?size=50x50&set=set1', '$229.88');
insert into PRODUCT (id, name, created_at, updated_at, category_id, pic_location, price) values ('67a75125-9e09-4294-ba97-ad4190fbd2f4', 'Veal - Insides Provini', '2019-03-23', '2019-11-24', 'c6478c53-1835-4a25-badc-6b45e490876c', 'https://robohash.org/nobisutassumenda.jpg?size=50x50&set=set1', '$143.27');
insert into PRODUCT (id, name, created_at, updated_at, category_id, pic_location, price) values ('d293790b-68f1-4f62-9128-899c01c596bb', 'Tea - Lemon Scented', '2019-03-02', '2019-04-29', '6fd40977-a429-4959-8497-36b93d19769c', 'https://robohash.org/hicnamveritatis.jpg?size=50x50&set=set1', '$91.46');
insert into PRODUCT (id, name, created_at, updated_at, category_id, pic_location, price) values ('a77a39b2-1fe0-4eb2-836f-2447aec4876c', 'Soup - Base Broth Beef', '2019-06-12', null, '6d176685-2c6a-489d-9988-684a22903244', 'https://robohash.org/adipisciautasperiores.jpg?size=50x50&set=set1', '$85.29');
insert into PRODUCT (id, name, created_at, updated_at, category_id, pic_location, price) values ('e6a6124e-d13e-4653-be94-78bda051629c', 'Pepper - Scotch Bonnet', '2019-10-13', null, 'c6478c53-1835-4a25-badc-6b45e490876c', 'https://robohash.org/magniquimolestiae.bmp?size=50x50&set=set1', '$188.96');
insert into PRODUCT (id, name, created_at, updated_at, category_id, pic_location, price) values ('e2802aa7-84a8-49ae-92ea-e9703a9dc41d', 'Cookies - Englishbay Chochip', '2019-11-16', '2020-02-06', '6fd40977-a429-4959-8497-36b93d19769c', 'https://robohash.org/temporaeumodio.png?size=50x50&set=set1', '$128.00');
insert into PRODUCT (id, name, created_at, updated_at, category_id, pic_location, price) values ('79418461-2908-461c-b50c-bceebe4ca758', 'Beer - Heinekin', '2019-11-07', '2019-04-29', '6d176685-2c6a-489d-9988-684a22903244', 'https://robohash.org/quodquidolore.bmp?size=50x50&set=set1', '$114.25');
insert into PRODUCT (id, name, created_at, updated_at, category_id, pic_location, price) values ('eaaedec8-42ce-4e3c-ae6a-8c82bd9faae7', 'Wiberg Super Cure', '2019-05-13', null, '814642d2-7dcc-4279-91b7-70e368127a78', 'https://robohash.org/recusandaeporroinventore.jpg?size=50x50&set=set1', '$149.72');
insert into PRODUCT (id, name, created_at, updated_at, category_id, pic_location, price) values ('3a31ab84-8dd7-44a4-9f8d-83d7f2e24d97', 'Salmon - Whole, 4 - 6 Pounds', '2019-06-07', '2019-05-06', 'ac7c189a-a9d7-4f37-8f55-fee44f108355', 'https://robohash.org/etoditnatus.bmp?size=50x50&set=set1', '$188.74');
insert into PRODUCT (id, name, created_at, updated_at, category_id, pic_location, price) values ('1cf98882-d35c-41e5-a3cc-b285557afd45', 'Coffee - Egg Nog Capuccino', '2020-01-30', '2019-04-23', 'ac7c189a-a9d7-4f37-8f55-fee44f108355', 'https://robohash.org/temporevelitvoluptatibus.png?size=50x50&set=set1', '$171.79');
insert into PRODUCT (id, name, created_at, updated_at, category_id, pic_location, price) values ('ea4e0f22-d0b8-4fc4-927b-1c0c5061f384', 'Ginger - Crystalized', '2019-05-14', null, '6fd40977-a429-4959-8497-36b93d19769c', 'https://robohash.org/cumqueipsumrerum.png?size=50x50&set=set1', '$88.50');
insert into PRODUCT (id, name, created_at, updated_at, category_id, pic_location, price) values ('b5c290e2-1742-4da8-93ba-f307c246aae6', 'Cheese Cheddar Processed', '2019-04-17', '2019-08-16', 'ac7c189a-a9d7-4f37-8f55-fee44f108355', 'https://robohash.org/autemutearum.png?size=50x50&set=set1', '$51.92');
insert into PRODUCT (id, name, created_at, updated_at, category_id, pic_location, price) values ('3de696c4-cbed-49fa-ac9d-cc46c534e024', 'Icecream - Dibs', '2020-01-08', '2019-06-07', 'ac7c189a-a9d7-4f37-8f55-fee44f108355', 'https://robohash.org/velsimiliquesint.bmp?size=50x50&set=set1', '$199.38');
insert into PRODUCT (id, name, created_at, updated_at, category_id, pic_location, price) values ('28434546-a491-4345-b3ab-6ab87bc67751', 'Wine - Chardonnay South', '2019-10-25', '2020-02-03', 'c6478c53-1835-4a25-badc-6b45e490876c', 'https://robohash.org/etinventoreaccusantium.jpg?size=50x50&set=set1', '$88.70');
insert into PRODUCT (id, name, created_at, updated_at, category_id, pic_location, price) values ('16722531-c866-4039-ad97-6bbe55c6113c', 'Muffin Orange Individual', '2019-10-02', null, '6d176685-2c6a-489d-9988-684a22903244', 'https://robohash.org/eteaquemollitia.bmp?size=50x50&set=set1', '$150.94');
insert into PRODUCT (id, name, created_at, updated_at, category_id, pic_location, price) values ('ec7e2470-18ee-49e9-b71e-cd699c84f84e', 'Chicken - Breast, 5 - 7 Oz', '2019-08-14', '2019-09-30', '6d176685-2c6a-489d-9988-684a22903244', 'https://robohash.org/distinctiofacilissint.jpg?size=50x50&set=set1', '$77.48');
insert into PRODUCT (id, name, created_at, updated_at, category_id, pic_location, price) values ('779433ac-694f-400b-a730-9981c900cbfa', 'Oil - Margarine', '2019-09-06', '2019-06-28', '6fd40977-a429-4959-8497-36b93d19769c', 'https://robohash.org/animiconsequaturfuga.bmp?size=50x50&set=set1', '$299.28');
insert into PRODUCT (id, name, created_at, updated_at, category_id, pic_location, price) values ('6ec2b17a-ba6e-4fac-ab07-99b3e4c9e935', 'Pork Loin Bine - In Frenched', '2019-06-13', '2019-03-29', '814642d2-7dcc-4279-91b7-70e368127a78', 'https://robohash.org/temporeeosin.png?size=50x50&set=set1', '$79.96');
insert into PRODUCT (id, name, created_at, updated_at, category_id, pic_location, price) values ('790f4632-443a-4f09-b930-53ad23c0e0e1', 'Goat - Leg', '2019-12-15', null, 'c6478c53-1835-4a25-badc-6b45e490876c', 'https://robohash.org/sintaliquidsed.bmp?size=50x50&set=set1', '$191.79');
insert into PRODUCT (id, name, created_at, updated_at, category_id, pic_location, price) values ('ededb368-03af-442b-b7fc-016ad9168791', 'Jerusalem Artichoke', '2019-07-25', '2019-04-11', '814642d2-7dcc-4279-91b7-70e368127a78', 'https://robohash.org/isteharumnon.png?size=50x50&set=set1', '$120.07');
insert into PRODUCT (id, name, created_at, updated_at, category_id, pic_location, price) values ('78d89f22-1610-496e-a159-15deabc064ed', 'Nantucket - Orange Mango Cktl', '2019-02-27', null, '6d176685-2c6a-489d-9988-684a22903244', 'https://robohash.org/istevoluptasmaiores.bmp?size=50x50&set=set1', '$114.36');
insert into PRODUCT (id, name, created_at, updated_at, category_id, pic_location, price) values ('1e235027-4430-49f6-923a-1c440ebcbc01', 'Towel Dispenser', '2019-06-10', '2019-06-24', '814642d2-7dcc-4279-91b7-70e368127a78', 'https://robohash.org/rerumaliquidlaborum.bmp?size=50x50&set=set1', '$216.09');
insert into PRODUCT (id, name, created_at, updated_at, category_id, pic_location, price) values ('fb8055fc-05fa-4237-9b11-7093a7ceea6d', 'Pepper - Cayenne', '2019-07-21', null, 'ac7c189a-a9d7-4f37-8f55-fee44f108355', 'https://robohash.org/animiomnisvoluptatem.jpg?size=50x50&set=set1', '$281.11');
insert into PRODUCT (id, name, created_at, updated_at, category_id, pic_location, price) values ('5f0feeeb-a2be-47ad-ba83-7b98e244d917', 'Mace Ground', '2019-03-18', '2019-04-22', '6fd40977-a429-4959-8497-36b93d19769c', 'https://robohash.org/accusamusipsaaccusantium.bmp?size=50x50&set=set1', '$93.44');
insert into PRODUCT (id, name, created_at, updated_at, category_id, pic_location, price) values ('f4a9638d-8813-4d1d-9f44-a01ff104c30d', 'Soupcontfoam16oz 116con', '2019-12-24', '2019-11-08', '6d176685-2c6a-489d-9988-684a22903244', 'https://robohash.org/laudantiumindistinctio.bmp?size=50x50&set=set1', '$105.47');
insert into PRODUCT (id, name, created_at, updated_at, category_id, pic_location, price) values ('01a79da2-9e30-41c2-bc28-5b5dc1bf2877', 'Foam Dinner Plate', '2019-04-28', '2019-08-10', 'ac7c189a-a9d7-4f37-8f55-fee44f108355', 'https://robohash.org/ethicab.jpg?size=50x50&set=set1', '$282.45');
insert into PRODUCT (id, name, created_at, updated_at, category_id, pic_location, price) values ('cc1b10f9-66f7-4127-8c72-768e65e984c2', 'Pepper - White, Ground', '2019-08-22', null, '814642d2-7dcc-4279-91b7-70e368127a78', 'https://robohash.org/dolorumquotempora.bmp?size=50x50&set=set1', '$294.86');
insert into PRODUCT (id, name, created_at, updated_at, category_id, pic_location, price) values ('f6ab44a0-16e8-4037-a5fd-ee12972c13a8', 'Sausage - Meat', '2019-04-25', null, '6fd40977-a429-4959-8497-36b93d19769c', 'https://robohash.org/veritatisconsecteturqui.jpg?size=50x50&set=set1', '$81.92');
insert into PRODUCT (id, name, created_at, updated_at, category_id, pic_location, price) values ('9e1aabff-f41c-4ed8-b602-754ab7556a2a', 'Snapple Raspberry Tea', '2019-12-06', null, 'c6478c53-1835-4a25-badc-6b45e490876c', 'https://robohash.org/uttotamexercitationem.bmp?size=50x50&set=set1', '$181.69');
insert into PRODUCT (id, name, created_at, updated_at, category_id, pic_location, price) values ('d8ce4251-b5b3-43d2-833b-18e930339330', 'Sauce - Ranch Dressing', '2019-03-06', null, '6d176685-2c6a-489d-9988-684a22903244', 'https://robohash.org/etconsequaturipsa.bmp?size=50x50&set=set1', '$61.94');
insert into PRODUCT (id, name, created_at, updated_at, category_id, pic_location, price) values ('9d7e1493-e505-4bf8-93f9-af227166edd1', 'Muffin - Mix - Creme Brule 15l', '2019-02-22', '2019-08-26', '6fd40977-a429-4959-8497-36b93d19769c', 'https://robohash.org/necessitatibusnatusneque.png?size=50x50&set=set1', '$56.71');
insert into PRODUCT (id, name, created_at, updated_at, category_id, pic_location, price) values ('03750a41-8162-42b4-bbfe-d8463c7c2c2e', 'Mackerel Whole Fresh', '2019-08-22', '2019-09-09', 'ac7c189a-a9d7-4f37-8f55-fee44f108355', 'https://robohash.org/voluptatequorepellendus.png?size=50x50&set=set1', '$130.84');
insert into PRODUCT (id, name, created_at, updated_at, category_id, pic_location, price) values ('61c83bb0-8c38-4e00-a4ef-9e0cc0e33e48', 'Scallops - In Shell', '2019-08-17', '2019-03-28', 'ac7c189a-a9d7-4f37-8f55-fee44f108355', 'https://robohash.org/culpapossimussit.jpg?size=50x50&set=set1', '$72.94');
insert into PRODUCT (id, name, created_at, updated_at, category_id, pic_location, price) values ('d12f26aa-6249-4e98-87cd-90cd74d0b226', 'Nut - Pumpkin Seeds', '2019-03-07', null, 'c6478c53-1835-4a25-badc-6b45e490876c', 'https://robohash.org/voluptassedlaborum.png?size=50x50&set=set1', '$81.64');
insert into PRODUCT (id, name, created_at, updated_at, category_id, pic_location, price) values ('da35fba9-e804-44fa-ab65-c6ab37efa3d3', 'Mushroom - White Button', '2019-08-01', '2019-11-16', 'ac7c189a-a9d7-4f37-8f55-fee44f108355', 'https://robohash.org/estassumendamolestiae.jpg?size=50x50&set=set1', '$87.05');
insert into PRODUCT (id, name, created_at, updated_at, category_id, pic_location, price) values ('592b956d-addf-43aa-b767-0400e287d5c9', 'Juice - Lagoon Mango', '2019-09-25', null, '6fd40977-a429-4959-8497-36b93d19769c', 'https://robohash.org/iureharumnesciunt.png?size=50x50&set=set1', '$132.19');
insert into PRODUCT (id, name, created_at, updated_at, category_id, pic_location, price) values ('7ed8c96d-4c30-4d33-b20e-9b11a266e83c', 'Cinnamon - Ground', '2019-08-26', '2020-01-30', 'c6478c53-1835-4a25-badc-6b45e490876c', 'https://robohash.org/etrepellataut.png?size=50x50&set=set1', '$133.69');
insert into PRODUCT (id, name, created_at, updated_at, category_id, pic_location, price) values ('babaad21-775c-4d0c-a65c-9047005bcb71', 'Lamb - Sausage Casings', '2019-03-26', '2019-07-18', '6fd40977-a429-4959-8497-36b93d19769c', 'https://robohash.org/reruminciduntcorrupti.jpg?size=50x50&set=set1', '$152.13');
insert into PRODUCT (id, name, created_at, updated_at, category_id, pic_location, price) values ('52ba4b88-2f98-466c-bd98-936daa18c9a1', 'Chocolate Eclairs', '2020-02-05', null, '6d176685-2c6a-489d-9988-684a22903244', 'https://robohash.org/architectoconsecteturesse.bmp?size=50x50&set=set1', '$285.88');
insert into PRODUCT (id, name, created_at, updated_at, category_id, pic_location, price) values ('bb423a48-27dd-4f32-b5e6-9f09a1e1f2a4', 'Venison - Denver Leg Boneless', '2019-12-31', null, 'ac7c189a-a9d7-4f37-8f55-fee44f108355', 'https://robohash.org/providentutratione.jpg?size=50x50&set=set1', '$170.81');
insert into PRODUCT (id, name, created_at, updated_at, category_id, pic_location, price) values ('255c38b1-07d7-4728-8e03-ed784dbe43c5', 'Cheese - Brick With Pepper', '2019-12-24', '2019-12-29', 'c6478c53-1835-4a25-badc-6b45e490876c', 'https://robohash.org/etestest.bmp?size=50x50&set=set1', '$165.35');
insert into PRODUCT (id, name, created_at, updated_at, category_id, pic_location, price) values ('9d7b181b-306b-495c-8eba-82b46842b9a5', 'Napkin - Beverage 1 Ply', '2020-02-04', '2019-02-28', 'c6478c53-1835-4a25-badc-6b45e490876c', 'https://robohash.org/autofficiaconsequatur.jpg?size=50x50&set=set1', '$84.07');
insert into PRODUCT (id, name, created_at, updated_at, category_id, pic_location, price) values ('06f9a293-3884-414b-85bc-6de63ebf9793', 'Coffee - Ristretto Coffee Capsule', '2019-08-17', '2019-12-22', '6fd40977-a429-4959-8497-36b93d19769c', 'https://robohash.org/asperioressitrepellat.jpg?size=50x50&set=set1', '$234.08');
insert into PRODUCT (id, name, created_at, updated_at, category_id, pic_location, price) values ('3dc5065b-4e93-44e2-9964-247db2b658f6', 'Iced Tea Concentrate', '2019-10-18', '2019-03-29', '6d176685-2c6a-489d-9988-684a22903244', 'https://robohash.org/facilisomnisest.png?size=50x50&set=set1', '$179.19');
insert into PRODUCT (id, name, created_at, updated_at, category_id, pic_location, price) values ('f2e03141-df28-4486-8245-c0c630ce2cf5', 'Bandage - Fexible 1x3', '2019-09-24', '2019-09-30', '6fd40977-a429-4959-8497-36b93d19769c', 'https://robohash.org/nequeodiotenetur.bmp?size=50x50&set=set1', '$151.33');
insert into PRODUCT (id, name, created_at, updated_at, category_id, pic_location, price) values ('740e84c0-f6de-4669-a841-96a02a00c80f', 'Pepper - White, Whole', '2020-02-03', null, 'c6478c53-1835-4a25-badc-6b45e490876c', 'https://robohash.org/aliasiustoerror.jpg?size=50x50&set=set1', '$85.97');
insert into PRODUCT (id, name, created_at, updated_at, category_id, pic_location, price) values ('665502d0-14f3-468c-b2ff-d01ea8f3c700', 'Bagelers - Cinn / Brown Sugar', '2019-08-31', null, '814642d2-7dcc-4279-91b7-70e368127a78', 'https://robohash.org/sedtenetursit.png?size=50x50&set=set1', '$277.99');
insert into PRODUCT (id, name, created_at, updated_at, category_id, pic_location, price) values ('429ddec8-213b-4583-9ec0-bfc61c874a01', 'Nut - Pistachio, Shelled', '2019-09-01', '2019-06-13', '6d176685-2c6a-489d-9988-684a22903244', 'https://robohash.org/rerumquodculpa.jpg?size=50x50&set=set1', '$90.86');
insert into PRODUCT (id, name, created_at, updated_at, category_id, pic_location, price) values ('18485ed4-e7ea-49f8-90a9-eba54fa25ad2', 'Calypso - Pineapple Passion', '2019-11-18', '2019-02-21', 'ac7c189a-a9d7-4f37-8f55-fee44f108355', 'https://robohash.org/laborumexmodi.jpg?size=50x50&set=set1', '$162.34');
insert into PRODUCT (id, name, created_at, updated_at, category_id, pic_location, price) values ('c77aa299-cfc7-485e-af86-7c1e45fbd719', 'The Pop Shoppe - Grape', '2019-05-01', '2020-02-02', 'ac7c189a-a9d7-4f37-8f55-fee44f108355', 'https://robohash.org/nemofugiatquia.png?size=50x50&set=set1', '$52.92');
insert into PRODUCT (id, name, created_at, updated_at, category_id, pic_location, price) values ('c87b3d12-0c2e-405e-8d32-312bbe3454e7', 'Pail For Lid 1537', '2019-02-18', '2019-05-25', 'c6478c53-1835-4a25-badc-6b45e490876c', 'https://robohash.org/voluptatemmagnamsit.png?size=50x50&set=set1', '$94.64');
insert into PRODUCT (id, name, created_at, updated_at, category_id, pic_location, price) values ('be260067-66ee-445f-a12d-e87b4868dc8a', 'Nantucket - Carrot Orange', '2019-03-10', '2019-07-12', '814642d2-7dcc-4279-91b7-70e368127a78', 'https://robohash.org/rerumdoloresnon.bmp?size=50x50&set=set1', '$205.98');
insert into PRODUCT (id, name, created_at, updated_at, category_id, pic_location, price) values ('9a1da183-b1b2-4d6b-9411-a2a4f5b6d2c6', 'Corn - Mini', '2019-03-19', null, 'ac7c189a-a9d7-4f37-8f55-fee44f108355', 'https://robohash.org/quisedodit.jpg?size=50x50&set=set1', '$268.57');
insert into PRODUCT (id, name, created_at, updated_at, category_id, pic_location, price) values ('9bfc9400-8bd6-4def-96c2-f9b190e872bf', 'Couscous', '2020-01-29', '2019-05-03', '6d176685-2c6a-489d-9988-684a22903244', 'https://robohash.org/estplaceatvoluptatibus.bmp?size=50x50&set=set1', '$180.19');
insert into PRODUCT (id, name, created_at, updated_at, category_id, pic_location, price) values ('a3cb6268-36d7-457e-acb9-e2f3501c4464', 'Veal - Loin', '2019-06-28', null, 'c6478c53-1835-4a25-badc-6b45e490876c', 'https://robohash.org/rerumsitaspernatur.bmp?size=50x50&set=set1', '$91.25');
insert into PRODUCT (id, name, created_at, updated_at, category_id, pic_location, price) values ('1f669c41-6904-43b8-bcd3-9364496a9f88', 'Juice - Lemon', '2019-05-23', '2019-05-04', '6d176685-2c6a-489d-9988-684a22903244', 'https://robohash.org/iureidconsequatur.png?size=50x50&set=set1', '$171.74');
insert into PRODUCT (id, name, created_at, updated_at, category_id, pic_location, price) values ('966b7e13-5318-4570-a2ff-4cbd556debe3', 'Raisin - Golden', '2019-05-29', '2019-02-16', '814642d2-7dcc-4279-91b7-70e368127a78', 'https://robohash.org/consequaturmolestiasexercitationem.jpg?size=50x50&set=set1', '$117.94');
insert into PRODUCT (id, name, created_at, updated_at, category_id, pic_location, price) values ('6bc0f544-a093-415d-ad1b-331966467879', 'Wine - Red, Pelee Island Merlot', '2019-10-22', '2019-07-17', 'c6478c53-1835-4a25-badc-6b45e490876c', 'https://robohash.org/ducimusanimiamet.png?size=50x50&set=set1', '$270.07');
insert into PRODUCT (id, name, created_at, updated_at, category_id, pic_location, price) values ('fb015ade-63a2-4993-afa8-5bf2c9918c11', 'Wine - Prosecco Valdobiaddene', '2019-07-25', '2019-02-27', '6fd40977-a429-4959-8497-36b93d19769c', 'https://robohash.org/delenitideserunthic.bmp?size=50x50&set=set1', '$217.00');
insert into PRODUCT (id, name, created_at, updated_at, category_id, pic_location, price) values ('7bddfbf3-6f98-4c75-8df3-b9281c3cf5d1', 'Croissants Thaw And Serve', '2019-10-02', '2019-05-04', 'ac7c189a-a9d7-4f37-8f55-fee44f108355', 'https://robohash.org/nobisomnisofficia.bmp?size=50x50&set=set1', '$291.87');
insert into PRODUCT (id, name, created_at, updated_at, category_id, pic_location, price) values ('ed8abbd6-5e02-47eb-b72b-f8d2377e3ec6', 'Glass Clear 7 Oz Xl', '2020-02-07', null, 'c6478c53-1835-4a25-badc-6b45e490876c', 'https://robohash.org/insuntaut.bmp?size=50x50&set=set1', '$101.11');
insert into PRODUCT (id, name, created_at, updated_at, category_id, pic_location, price) values ('71635b93-f400-4e3d-951e-7e517be12807', 'Sproutsmustard Cress', '2019-07-26', '2019-04-03', '6d176685-2c6a-489d-9988-684a22903244', 'https://robohash.org/laboriosamaccusamuset.png?size=50x50&set=set1', '$70.33');
insert into PRODUCT (id, name, created_at, updated_at, category_id, pic_location, price) values ('caca44f4-ea99-4787-8a0e-08f136579225', 'Beef - Tongue, Fresh', '2019-07-05', '2019-07-03', '6d176685-2c6a-489d-9988-684a22903244', 'https://robohash.org/consequaturrepudiandaeet.jpg?size=50x50&set=set1', '$153.41');
insert into PRODUCT (id, name, created_at, updated_at, category_id, pic_location, price) values ('cc8b3e44-280e-4879-822b-dd569a3063fd', 'Easy Off Oven Cleaner', '2019-06-17', '2019-04-27', '814642d2-7dcc-4279-91b7-70e368127a78', 'https://robohash.org/cumetvoluptatem.bmp?size=50x50&set=set1', '$155.91');
insert into PRODUCT (id, name, created_at, updated_at, category_id, pic_location, price) values ('20dd66d0-e1e2-4c05-b339-c86f79e6d46e', 'Peach - Halves', '2019-03-13', null, 'ac7c189a-a9d7-4f37-8f55-fee44f108355', 'https://robohash.org/isteutquisquam.jpg?size=50x50&set=set1', '$92.28');
insert into PRODUCT (id, name, created_at, updated_at, category_id, pic_location, price) values ('8eed0694-b6f6-4a28-b4a7-462cb5acb207', 'Beets - Candy Cane, Organic', '2019-04-09', '2019-12-11', '6fd40977-a429-4959-8497-36b93d19769c', 'https://robohash.org/cumqueinnon.png?size=50x50&set=set1', '$144.97');
insert into PRODUCT (id, name, created_at, updated_at, category_id, pic_location, price) values ('212f5306-bcdb-4daf-8ce4-1e7de7afeecf', 'Prunes - Pitted', '2019-07-02', '2020-01-25', '6d176685-2c6a-489d-9988-684a22903244', 'https://robohash.org/quodtotamomnis.bmp?size=50x50&set=set1', '$129.38');
insert into PRODUCT (id, name, created_at, updated_at, category_id, pic_location, price) values ('bbe898f2-5698-433a-9335-87944f177006', 'Veal - Nuckle', '2019-04-06', '2019-05-29', 'ac7c189a-a9d7-4f37-8f55-fee44f108355', 'https://robohash.org/nesciuntcorporiset.jpg?size=50x50&set=set1', '$213.51');
insert into PRODUCT (id, name, created_at, updated_at, category_id, pic_location, price) values ('c262b15f-4104-4648-961a-7f7b8966237a', 'Bread - Multigrain', '2019-02-14', null, '814642d2-7dcc-4279-91b7-70e368127a78', 'https://robohash.org/voluptatemquiadeserunt.png?size=50x50&set=set1', '$117.54');
insert into PRODUCT (id, name, created_at, updated_at, category_id, pic_location, price) values ('4be10b2d-25d8-4cbb-9b17-919dcced5a0d', 'Cheese - Cheddar, Mild', '2019-09-13', '2019-06-06', '6fd40977-a429-4959-8497-36b93d19769c', 'https://robohash.org/sintexpeditavel.png?size=50x50&set=set1', '$234.64');
insert into PRODUCT (id, name, created_at, updated_at, category_id, pic_location, price) values ('4ef32381-0393-45cd-9ad5-efd74a2b62af', 'Basil - Primerba, Paste', '2019-11-26', '2019-06-13', '6fd40977-a429-4959-8497-36b93d19769c', 'https://robohash.org/estadeius.jpg?size=50x50&set=set1', '$94.11');
insert into PRODUCT (id, name, created_at, updated_at, category_id, pic_location, price) values ('8d835dd6-30ac-4233-b834-55d17ca096ce', 'Ezy Change Mophandle', '2019-03-29', null, '6d176685-2c6a-489d-9988-684a22903244', 'https://robohash.org/liberosapientefugit.png?size=50x50&set=set1', '$207.41');
insert into PRODUCT (id, name, created_at, updated_at, category_id, pic_location, price) values ('58543252-f5b5-46cd-9a90-fed8a45ccc6b', 'Bread - Italian Roll With Herbs', '2019-05-18', null, 'c6478c53-1835-4a25-badc-6b45e490876c', 'https://robohash.org/odiomodieum.jpg?size=50x50&set=set1', '$123.74');
insert into PRODUCT (id, name, created_at, updated_at, category_id, pic_location, price) values ('c9f88ab0-fa79-41bc-9fbf-f25f3c6abe51', 'Rice Pilaf, Dry,package', '2019-06-09', '2019-08-17', '814642d2-7dcc-4279-91b7-70e368127a78', 'https://robohash.org/providentenimsit.bmp?size=50x50&set=set1', '$215.70');
insert into PRODUCT (id, name, created_at, updated_at, category_id, pic_location, price) values ('fcf00229-dce3-4d95-adea-bcc89d8cf1a2', 'Jerusalem Artichoke', '2019-03-02', null, '814642d2-7dcc-4279-91b7-70e368127a78', 'https://robohash.org/debitisrepudiandaedistinctio.bmp?size=50x50&set=set1', '$70.60');
insert into PRODUCT (id, name, created_at, updated_at, category_id, pic_location, price) values ('5993e65b-6f38-4ce2-863a-c3bb76f054f2', 'Cocoa Powder - Dutched', '2019-08-11', null, '6d176685-2c6a-489d-9988-684a22903244', 'https://robohash.org/nullaquaeadipisci.bmp?size=50x50&set=set1', '$135.56');
insert into PRODUCT (id, name, created_at, updated_at, category_id, pic_location, price) values ('3fdd16a2-c828-441e-b7a0-157b5d1cbc53', 'Carrots - Mini, Stem On', '2019-09-06', null, '6fd40977-a429-4959-8497-36b93d19769c', 'https://robohash.org/estutmodi.bmp?size=50x50&set=set1', '$267.39');
insert into PRODUCT (id, name, created_at, updated_at, category_id, pic_location, price) values ('5bf67aa9-c905-4a2b-89f8-07cad481adbf', 'Lobster - Tail 6 Oz', '2019-06-20', '2019-05-09', 'ac7c189a-a9d7-4f37-8f55-fee44f108355', 'https://robohash.org/quaeratvelitlaudantium.png?size=50x50&set=set1', '$138.08');
insert into PRODUCT (id, name, created_at, updated_at, category_id, pic_location, price) values ('3f87c604-bc78-4143-9e63-40cb334aa1e7', 'Lettuce - Romaine', '2019-12-15', '2019-04-11', '6d176685-2c6a-489d-9988-684a22903244', 'https://robohash.org/consequaturestarchitecto.png?size=50x50&set=set1', '$88.09');
insert into PRODUCT (id, name, created_at, updated_at, category_id, pic_location, price) values ('2a5275d0-86ce-4c10-b71b-a935ed221432', 'Catfish - Fillets', '2019-04-20', '2019-04-13', 'ac7c189a-a9d7-4f37-8f55-fee44f108355', 'https://robohash.org/velessenesciunt.bmp?size=50x50&set=set1', '$102.93');
insert into PRODUCT (id, name, created_at, updated_at, category_id, pic_location, price) values ('e0248786-98ec-4595-b5e0-c648f2fd52e9', 'Napkin White - Starched', '2019-07-01', null, 'ac7c189a-a9d7-4f37-8f55-fee44f108355', 'https://robohash.org/voluptatemipsummodi.png?size=50x50&set=set1', '$184.84');
insert into PRODUCT (id, name, created_at, updated_at, category_id, pic_location, price) values ('877bb4e2-340a-45ba-8fb3-3c17305a91da', 'Soup - Campbells, Chix Gumbo', '2019-04-24', '2019-08-13', '6fd40977-a429-4959-8497-36b93d19769c', 'https://robohash.org/minimaaliasest.png?size=50x50&set=set1', '$163.15');
insert into PRODUCT (id, name, created_at, updated_at, category_id, pic_location, price) values ('0272533f-3876-4cdc-af5b-e130c83d515b', 'Gatorade - Lemon Lime', '2019-05-28', null, 'c6478c53-1835-4a25-badc-6b45e490876c', 'https://robohash.org/officiaetnemo.jpg?size=50x50&set=set1', '$63.17');
insert into PRODUCT (id, name, created_at, updated_at, category_id, pic_location, price) values ('74f1aaee-9e4a-45f4-9e66-1caf2405c13a', 'Sauce Tomato Pouch', '2019-04-30', '2019-04-09', 'ac7c189a-a9d7-4f37-8f55-fee44f108355', 'https://robohash.org/sapientenonquam.png?size=50x50&set=set1', '$186.68');
insert into PRODUCT (id, name, created_at, updated_at, category_id, pic_location, price) values ('42b7e14f-3f09-4163-99a1-7bcabe3e035e', 'Mushroom - Shitake, Dry', '2019-10-23', '2019-09-18', '814642d2-7dcc-4279-91b7-70e368127a78', 'https://robohash.org/architectobeataeblanditiis.jpg?size=50x50&set=set1', '$294.35');
insert into PRODUCT (id, name, created_at, updated_at, category_id, pic_location, price) values ('b3218c34-6db0-46b4-9bcd-a4c2535831db', 'Pate - Cognac', '2019-05-22', '2019-07-29', '814642d2-7dcc-4279-91b7-70e368127a78', 'https://robohash.org/nequedictaea.jpg?size=50x50&set=set1', '$299.62');
insert into PRODUCT (id, name, created_at, updated_at, category_id, pic_location, price) values ('6db2dba9-dfec-49a1-b2af-5bc2a7ce0787', 'Chilli Paste, Ginger Garlic', '2019-02-14', '2019-02-28', 'ac7c189a-a9d7-4f37-8f55-fee44f108355', 'https://robohash.org/nihilnonlaboriosam.bmp?size=50x50&set=set1', '$56.60');
insert into PRODUCT (id, name, created_at, updated_at, category_id, pic_location, price) values ('0469f35f-eadc-4929-89cf-3109990bf640', 'Pie Shell - 5', '2019-09-16', null, '6d176685-2c6a-489d-9988-684a22903244', 'https://robohash.org/praesentiummolestiasnon.png?size=50x50&set=set1', '$82.57');
insert into PRODUCT (id, name, created_at, updated_at, category_id, pic_location, price) values ('76ab3b98-7454-4bbd-9f73-091a1a11fb48', 'Pasta - Fettuccine, Dry', '2019-04-03', '2020-02-01', 'c6478c53-1835-4a25-badc-6b45e490876c', 'https://robohash.org/corporisinsint.png?size=50x50&set=set1', '$130.64');
insert into PRODUCT (id, name, created_at, updated_at, category_id, pic_location, price) values ('8b66982f-206b-4c36-8fad-6e57efff15e6', 'Myers Planters Punch', '2019-03-18', '2019-12-18', '814642d2-7dcc-4279-91b7-70e368127a78', 'https://robohash.org/voluptassintcorrupti.bmp?size=50x50&set=set1', '$148.85');
insert into PRODUCT (id, name, created_at, updated_at, category_id, pic_location, price) values ('6455c3c7-2fa9-4571-ab1a-ac33b15100e3', 'Salsify, Organic', '2019-05-15', '2019-11-10', 'ac7c189a-a9d7-4f37-8f55-fee44f108355', 'https://robohash.org/ipsumautemqui.jpg?size=50x50&set=set1', '$258.16');
insert into PRODUCT (id, name, created_at, updated_at, category_id, pic_location, price) values ('c4617ee0-55b6-416d-a146-90558e07c238', 'Strawberries - California', '2019-12-26', '2019-08-28', 'c6478c53-1835-4a25-badc-6b45e490876c', 'https://robohash.org/explicaboetlaudantium.bmp?size=50x50&set=set1', '$149.46');
insert into PRODUCT (id, name, created_at, updated_at, category_id, pic_location, price) values ('96940cbd-6ddd-49a8-ab47-b13f4062e07f', 'Wine - White, Mosel Gold', '2019-12-03', '2019-08-10', 'c6478c53-1835-4a25-badc-6b45e490876c', 'https://robohash.org/facilisaddebitis.jpg?size=50x50&set=set1', '$178.27');
insert into PRODUCT (id, name, created_at, updated_at, category_id, pic_location, price) values ('f47f777e-6be6-4c43-bc5d-2d127ff87d06', 'Fib N9 - Prague Powder', '2019-08-15', '2019-12-16', '814642d2-7dcc-4279-91b7-70e368127a78', 'https://robohash.org/excepturimollitiaquasi.jpg?size=50x50&set=set1', '$113.09');
insert into PRODUCT (id, name, created_at, updated_at, category_id, pic_location, price) values ('14ebf95f-cba6-44b8-919b-a066423206e0', 'Noodles - Steamed Chow Mein', '2019-07-14', '2019-07-31', '6fd40977-a429-4959-8497-36b93d19769c', 'https://robohash.org/ametetlibero.jpg?size=50x50&set=set1', '$262.00');
insert into PRODUCT (id, name, created_at, updated_at, category_id, pic_location, price) values ('4c0fdb78-8e34-4bd1-88d5-b84d9a7f2fca', 'Cookies Cereal Nut', '2019-12-30', '2020-01-03', '6d176685-2c6a-489d-9988-684a22903244', 'https://robohash.org/quicorporisamet.bmp?size=50x50&set=set1', '$54.69');
insert into PRODUCT (id, name, created_at, updated_at, category_id, pic_location, price) values ('424967a6-ba15-4431-ab32-b78806e2a66a', 'Sprite - 355 Ml', '2019-08-21', '2019-09-16', 'c6478c53-1835-4a25-badc-6b45e490876c', 'https://robohash.org/voluptatemquamprovident.bmp?size=50x50&set=set1', '$145.75');
insert into PRODUCT (id, name, created_at, updated_at, category_id, pic_location, price) values ('c8aed1e6-4c5e-45c6-b715-8764600828bf', 'Iced Tea - Lemon, 460 Ml', '2019-03-26', null, '6d176685-2c6a-489d-9988-684a22903244', 'https://robohash.org/laborumrepellendusquis.jpg?size=50x50&set=set1', '$177.06');
insert into PRODUCT (id, name, created_at, updated_at, category_id, pic_location, price) values ('84af96d3-13b6-4188-b59e-26dd7e6a8345', 'Napkin White - Starched', '2019-04-12', '2019-06-05', '814642d2-7dcc-4279-91b7-70e368127a78', 'https://robohash.org/eosveldicta.bmp?size=50x50&set=set1', '$127.55');
insert into PRODUCT (id, name, created_at, updated_at, category_id, pic_location, price) values ('db6cfbb4-7044-430d-bea5-3ff37ef29c02', 'Ice Cream - Chocolate', '2019-04-12', '2019-08-11', '814642d2-7dcc-4279-91b7-70e368127a78', 'https://robohash.org/repudiandaeidautem.jpg?size=50x50&set=set1', '$139.71');
insert into PRODUCT (id, name, created_at, updated_at, category_id, pic_location, price) values ('49599533-3298-4af2-b157-78dcc2ca03fb', 'Sugar - Crumb', '2019-02-25', '2019-04-21', 'c6478c53-1835-4a25-badc-6b45e490876c', 'https://robohash.org/quasiquaeratporro.jpg?size=50x50&set=set1', '$190.64');
insert into PRODUCT (id, name, created_at, updated_at, category_id, pic_location, price) values ('7b3ef63e-43a8-4cb0-a9ca-1a85b57f3d1d', 'Cake - Sheet Strawberry', '2019-02-25', '2020-01-11', '6fd40977-a429-4959-8497-36b93d19769c', 'https://robohash.org/temporaquiet.bmp?size=50x50&set=set1', '$246.38');
insert into PRODUCT (id, name, created_at, updated_at, category_id, pic_location, price) values ('8734ace8-268e-47ab-aab1-81266e52f0b5', 'Soup - French Onion, Dry', '2020-01-23', '2020-02-10', '6fd40977-a429-4959-8497-36b93d19769c', 'https://robohash.org/esteteius.png?size=50x50&set=set1', '$204.71');
insert into PRODUCT (id, name, created_at, updated_at, category_id, pic_location, price) values ('56d217f8-9dcd-432c-876f-60854b540543', 'Vacuum Bags 12x16', '2019-02-18', '2020-01-24', '814642d2-7dcc-4279-91b7-70e368127a78', 'https://robohash.org/consequaturetatque.bmp?size=50x50&set=set1', '$250.34');
insert into PRODUCT (id, name, created_at, updated_at, category_id, pic_location, price) values ('bcb160b0-a31f-4db7-94e4-98c3628c55dc', 'Sambuca Cream', '2019-03-30', '2019-03-31', '814642d2-7dcc-4279-91b7-70e368127a78', 'https://robohash.org/rationeeaest.png?size=50x50&set=set1', '$265.87');
insert into PRODUCT (id, name, created_at, updated_at, category_id, pic_location, price) values ('4b973624-b353-4b34-a3af-65af358c6c08', 'Liquid Aminios Acid - Braggs', '2019-04-18', '2019-07-22', '6fd40977-a429-4959-8497-36b93d19769c', 'https://robohash.org/rationerepudiandaecorrupti.jpg?size=50x50&set=set1', '$198.93');
insert into PRODUCT (id, name, created_at, updated_at, category_id, pic_location, price) values ('1cea1d70-fb48-4da0-a9f5-2758f835e6ec', 'Salmon - Canned', '2019-07-21', '2019-05-19', '6fd40977-a429-4959-8497-36b93d19769c', 'https://robohash.org/fugiatdoloraut.bmp?size=50x50&set=set1', '$120.57');
insert into PRODUCT (id, name, created_at, updated_at, category_id, pic_location, price) values ('5ab9194c-f8c2-4aa7-8519-c6dfd8b48100', 'Seedlings - Buckwheat, Organic', '2019-03-30', '2019-06-01', 'ac7c189a-a9d7-4f37-8f55-fee44f108355', 'https://robohash.org/nemodoloremenim.bmp?size=50x50&set=set1', '$120.99');
insert into PRODUCT (id, name, created_at, updated_at, category_id, pic_location, price) values ('cebb7ca4-da79-46d4-b7af-ad00e27b0a2a', 'Flower - Leather Leaf Fern', '2019-05-11', '2019-12-19', '814642d2-7dcc-4279-91b7-70e368127a78', 'https://robohash.org/consequaturautsaepe.jpg?size=50x50&set=set1', '$104.09');
insert into PRODUCT (id, name, created_at, updated_at, category_id, pic_location, price) values ('5fbde56f-1718-4147-abe9-40c81cc0284b', 'Pate - Cognac', '2019-06-23', '2019-05-15', 'ac7c189a-a9d7-4f37-8f55-fee44f108355', 'https://robohash.org/nihilreiciendislaborum.bmp?size=50x50&set=set1', '$153.89');
insert into PRODUCT (id, name, created_at, updated_at, category_id, pic_location, price) values ('e218d61c-ce0d-453a-ad31-045f0c3beffd', 'Wine - Barossa Valley Estate', '2019-12-15', '2019-11-13', 'ac7c189a-a9d7-4f37-8f55-fee44f108355', 'https://robohash.org/aspernaturrepellendusquia.bmp?size=50x50&set=set1', '$249.31');
insert into PRODUCT (id, name, created_at, updated_at, category_id, pic_location, price) values ('2add0e94-7a47-48bd-83b2-ecc526a3700e', 'Table Cloth 53x69 White', '2020-01-29', null, '6d176685-2c6a-489d-9988-684a22903244', 'https://robohash.org/laboriosamdoloraliquam.bmp?size=50x50&set=set1', '$194.04');
insert into PRODUCT (id, name, created_at, updated_at, category_id, pic_location, price) values ('4f663b9b-aa22-4ac9-addd-af9b2f56907c', 'Flower - Daisies', '2020-01-15', '2019-06-09', 'c6478c53-1835-4a25-badc-6b45e490876c', 'https://robohash.org/dignissimosvitaequi.png?size=50x50&set=set1', '$91.04');
insert into PRODUCT (id, name, created_at, updated_at, category_id, pic_location, price) values ('4af52405-b22e-4b76-94a9-8c8cd348c161', 'Lettuce - Red Leaf', '2019-11-29', '2019-11-24', 'ac7c189a-a9d7-4f37-8f55-fee44f108355', 'https://robohash.org/dolorestsequi.bmp?size=50x50&set=set1', '$232.60');
insert into PRODUCT (id, name, created_at, updated_at, category_id, pic_location, price) values ('78d89d00-ea44-4f14-8bb1-b240eac32f64', 'Ham Black Forest', '2019-04-22', null, 'ac7c189a-a9d7-4f37-8f55-fee44f108355', 'https://robohash.org/providentestvoluptatum.jpg?size=50x50&set=set1', '$267.88');
insert into PRODUCT (id, name, created_at, updated_at, category_id, pic_location, price) values ('3428c8b5-fb1d-4e4b-9d12-2a13322e6b33', 'Sugar - Individual Portions', '2019-12-30', null, '6d176685-2c6a-489d-9988-684a22903244', 'https://robohash.org/recusandaeetet.bmp?size=50x50&set=set1', '$298.58');
insert into PRODUCT (id, name, created_at, updated_at, category_id, pic_location, price) values ('32817ab5-a6ca-4d57-be69-66d6cdac3610', 'Soup - Campbells - Chicken Noodle', '2020-01-14', '2019-07-14', 'c6478c53-1835-4a25-badc-6b45e490876c', 'https://robohash.org/deseruntexercitationemsint.bmp?size=50x50&set=set1', '$158.27');
insert into PRODUCT (id, name, created_at, updated_at, category_id, pic_location, price) values ('1bd3268c-107c-443d-b7d8-a291df1b2d78', 'Wine - Red, Mosaic Zweigelt', '2019-10-16', null, '814642d2-7dcc-4279-91b7-70e368127a78', 'https://robohash.org/ullamprovidenteveniet.jpg?size=50x50&set=set1', '$298.50');
insert into PRODUCT (id, name, created_at, updated_at, category_id, pic_location, price) values ('b853d38e-5b21-4891-91cf-7a2c34372ad3', 'Pork Casing', '2019-11-07', '2019-09-22', 'ac7c189a-a9d7-4f37-8f55-fee44f108355', 'https://robohash.org/voluptatemquiadolore.png?size=50x50&set=set1', '$221.08');
insert into PRODUCT (id, name, created_at, updated_at, category_id, pic_location, price) values ('4dbfe3db-2e78-4e27-9183-969103fd8bd7', 'Amarula Cream', '2019-11-11', '2019-12-25', 'c6478c53-1835-4a25-badc-6b45e490876c', 'https://robohash.org/perferendissedcupiditate.jpg?size=50x50&set=set1', '$263.58');
insert into PRODUCT (id, name, created_at, updated_at, category_id, pic_location, price) values ('a821e523-a8c1-41af-a12e-005ea77a7276', 'Pork - Ham Hocks - Smoked', '2019-06-24', '2019-08-31', '6d176685-2c6a-489d-9988-684a22903244', 'https://robohash.org/estquasrem.png?size=50x50&set=set1', '$275.19');
insert into PRODUCT (id, name, created_at, updated_at, category_id, pic_location, price) values ('b258ba34-89d8-46f8-b41a-b0c39303d4c3', 'Pastry - Choclate Baked', '2019-09-29', '2019-11-23', '6d176685-2c6a-489d-9988-684a22903244', 'https://robohash.org/autemutatque.png?size=50x50&set=set1', '$238.99');
insert into PRODUCT (id, name, created_at, updated_at, category_id, pic_location, price) values ('61d8501c-ec16-49c4-a009-8e9b7b1f76d4', 'Pears - Bartlett', '2020-01-08', '2019-05-27', '6d176685-2c6a-489d-9988-684a22903244', 'https://robohash.org/eosquisest.bmp?size=50x50&set=set1', '$118.36');
insert into PRODUCT (id, name, created_at, updated_at, category_id, pic_location, price) values ('008ed457-b4ce-4c76-8623-4e8941762cf5', 'Rice - Sushi', '2019-03-17', null, '6fd40977-a429-4959-8497-36b93d19769c', 'https://robohash.org/teneturaccusamusut.bmp?size=50x50&set=set1', '$175.96');
insert into PRODUCT (id, name, created_at, updated_at, category_id, pic_location, price) values ('e9dfe6e5-25ed-4dbb-9387-be2beea71e91', 'Soup - Campbells', '2019-08-07', '2020-02-02', '6d176685-2c6a-489d-9988-684a22903244', 'https://robohash.org/quitemporibuseum.png?size=50x50&set=set1', '$187.30');
insert into PRODUCT (id, name, created_at, updated_at, category_id, pic_location, price) values ('8291e60b-eb7c-445f-b5f4-fe1ec3b41143', 'Dish Towel', '2019-03-02', '2019-11-06', '6fd40977-a429-4959-8497-36b93d19769c', 'https://robohash.org/magnamquaeratvel.bmp?size=50x50&set=set1', '$219.73');
insert into PRODUCT (id, name, created_at, updated_at, category_id, pic_location, price) values ('de000604-c24d-4c15-b95e-fdfecdea7198', 'Flour - Buckwheat, Dark', '2019-06-15', '2019-10-15', '814642d2-7dcc-4279-91b7-70e368127a78', 'https://robohash.org/velfugiatet.png?size=50x50&set=set1', '$247.04');
insert into PRODUCT (id, name, created_at, updated_at, category_id, pic_location, price) values ('769dffae-cfc7-439e-a67d-8e6d7fba48c6', 'Soup V8 Roasted Red Pepper', '2019-03-26', null, '6d176685-2c6a-489d-9988-684a22903244', 'https://robohash.org/quoquiaipsam.bmp?size=50x50&set=set1', '$196.87');
insert into PRODUCT (id, name, created_at, updated_at, category_id, pic_location, price) values ('2c5cf657-155a-4820-afb1-0daae27a3265', 'Lobster - Cooked', '2019-11-12', '2019-10-20', '6fd40977-a429-4959-8497-36b93d19769c', 'https://robohash.org/voluptatemistevoluptas.bmp?size=50x50&set=set1', '$66.89');
insert into PRODUCT (id, name, created_at, updated_at, category_id, pic_location, price) values ('aa98d5f1-9ee3-4c12-9929-d93e7c5e9773', 'Pepsi, 355 Ml', '2019-06-23', '2019-07-26', 'ac7c189a-a9d7-4f37-8f55-fee44f108355', 'https://robohash.org/solutaquisquamassumenda.bmp?size=50x50&set=set1', '$145.97');
insert into PRODUCT (id, name, created_at, updated_at, category_id, pic_location, price) values ('f0920b1d-51c5-408b-b308-6e352cff8043', 'Tuna - Salad Premix', '2019-07-07', '2019-04-09', 'c6478c53-1835-4a25-badc-6b45e490876c', 'https://robohash.org/enimeumnulla.jpg?size=50x50&set=set1', '$174.12');
insert into PRODUCT (id, name, created_at, updated_at, category_id, pic_location, price) values ('59e60e5f-4e08-4905-ab15-775b39f49504', 'Compound - Orange', '2019-03-08', null, '6d176685-2c6a-489d-9988-684a22903244', 'https://robohash.org/ducimussolutaet.jpg?size=50x50&set=set1', '$264.63');
insert into PRODUCT (id, name, created_at, updated_at, category_id, pic_location, price) values ('0ae57f90-d6e2-482c-b9dd-f8dfd04e7007', 'Poppy Seed', '2019-07-24', '2019-09-23', '814642d2-7dcc-4279-91b7-70e368127a78', 'https://robohash.org/pariaturnihilconsectetur.jpg?size=50x50&set=set1', '$108.72');
insert into PRODUCT (id, name, created_at, updated_at, category_id, pic_location, price) values ('9e3991ad-7703-4fd9-a04f-0f5c7f08c6f0', 'Bag - Bread, White, Plain', '2019-09-02', '2019-05-31', 'c6478c53-1835-4a25-badc-6b45e490876c', 'https://robohash.org/etundesimilique.png?size=50x50&set=set1', '$61.87');
insert into PRODUCT (id, name, created_at, updated_at, category_id, pic_location, price) values ('a9a3f6ed-0561-492d-b141-abd81ea58cb7', 'Chicken - Whole Roasting', '2019-09-12', null, 'c6478c53-1835-4a25-badc-6b45e490876c', 'https://robohash.org/temporeaccusamusfacilis.png?size=50x50&set=set1', '$239.35');
insert into PRODUCT (id, name, created_at, updated_at, category_id, pic_location, price) values ('1ceaf4ad-36e6-4738-92c7-7382eaee9c5b', 'Veal - Insides, Grains', '2020-01-23', null, '6fd40977-a429-4959-8497-36b93d19769c', 'https://robohash.org/utrepellatvoluptatem.png?size=50x50&set=set1', '$247.39');
insert into PRODUCT (id, name, created_at, updated_at, category_id, pic_location, price) values ('65a00b9c-dcce-4d0e-b975-9214c834a48f', 'Star Anise, Whole', '2019-06-29', '2019-02-27', '6d176685-2c6a-489d-9988-684a22903244', 'https://robohash.org/doloresmodienim.png?size=50x50&set=set1', '$285.79');
insert into PRODUCT (id, name, created_at, updated_at, category_id, pic_location, price) values ('2f7a9cf7-c503-4018-af9e-5e3ac5fd8a3b', 'Rootbeer', '2019-03-26', null, '6fd40977-a429-4959-8497-36b93d19769c', 'https://robohash.org/corruptiquamlaudantium.bmp?size=50x50&set=set1', '$178.00');
insert into PRODUCT (id, name, created_at, updated_at, category_id, pic_location, price) values ('4eab1857-4988-46b6-baf9-669d2dcec50d', 'Crab Brie In Phyllo', '2019-07-06', '2019-09-22', 'ac7c189a-a9d7-4f37-8f55-fee44f108355', 'https://robohash.org/doloranimieaque.jpg?size=50x50&set=set1', '$61.90');
insert into PRODUCT (id, name, created_at, updated_at, category_id, pic_location, price) values ('58a03659-d17a-4b74-abc5-2de07ab90da7', 'Venison - Striploin', '2019-02-19', null, 'c6478c53-1835-4a25-badc-6b45e490876c', 'https://robohash.org/inventoreatpraesentium.jpg?size=50x50&set=set1', '$194.43');
insert into PRODUCT (id, name, created_at, updated_at, category_id, pic_location, price) values ('dbf6f9ba-1b8a-45eb-9674-a78301b74863', 'Cheese - La Sauvagine', '2019-02-24', '2019-04-22', 'ac7c189a-a9d7-4f37-8f55-fee44f108355', 'https://robohash.org/occaecatieadebitis.bmp?size=50x50&set=set1', '$63.80');
insert into PRODUCT (id, name, created_at, updated_at, category_id, pic_location, price) values ('8ea35f21-7d43-4918-892d-c8b8a9fb1f97', 'Wine - Duboeuf Beaujolais', '2019-04-02', '2019-12-22', '6d176685-2c6a-489d-9988-684a22903244', 'https://robohash.org/asperioresfugiateum.bmp?size=50x50&set=set1', '$162.60');
insert into PRODUCT (id, name, created_at, updated_at, category_id, pic_location, price) values ('2519b1ac-4b42-42a2-aa2b-f99bd4319df8', 'Bacardi Mojito', '2020-02-02', '2020-01-16', '814642d2-7dcc-4279-91b7-70e368127a78', 'https://robohash.org/verovelitquidem.png?size=50x50&set=set1', '$163.09');
insert into PRODUCT (id, name, created_at, updated_at, category_id, pic_location, price) values ('7a905620-083d-49d8-9849-81f908f2e547', 'Dill Weed - Fresh', '2019-05-30', '2019-08-14', '814642d2-7dcc-4279-91b7-70e368127a78', 'https://robohash.org/etnequeet.png?size=50x50&set=set1', '$186.65');
insert into PRODUCT (id, name, created_at, updated_at, category_id, pic_location, price) values ('c8f2e9d8-cc4f-4351-a574-31e4c15709fa', 'Basil - Seedlings Cookstown', '2019-11-20', '2019-11-27', '814642d2-7dcc-4279-91b7-70e368127a78', 'https://robohash.org/vitaequiarerum.png?size=50x50&set=set1', '$159.74');
insert into PRODUCT (id, name, created_at, updated_at, category_id, pic_location, price) values ('e671545f-9596-403b-b580-ed38d4313cc7', 'Sugar - Invert', '2019-05-17', null, '6d176685-2c6a-489d-9988-684a22903244', 'https://robohash.org/cumqueporroomnis.png?size=50x50&set=set1', '$177.57');
insert into PRODUCT (id, name, created_at, updated_at, category_id, pic_location, price) values ('e98be3be-b517-4261-baee-b2d4be0fb13f', 'Remy Red', '2019-06-17', null, '6fd40977-a429-4959-8497-36b93d19769c', 'https://robohash.org/sitsapientenon.bmp?size=50x50&set=set1', '$263.91');
insert into PRODUCT (id, name, created_at, updated_at, category_id, pic_location, price) values ('9e2550c3-4d52-4ebd-9eca-11ddf0abbeb3', 'Lettuce - Spring Mix', '2019-07-05', null, 'ac7c189a-a9d7-4f37-8f55-fee44f108355', 'https://robohash.org/veniamsintvero.bmp?size=50x50&set=set1', '$260.12');
insert into PRODUCT (id, name, created_at, updated_at, category_id, pic_location, price) values ('e3d270b7-37bf-4890-bc06-6f981cbdea42', 'Coffee Swiss Choc Almond', '2019-02-23', '2020-02-08', 'c6478c53-1835-4a25-badc-6b45e490876c', 'https://robohash.org/atquismagnam.bmp?size=50x50&set=set1', '$131.26');
insert into PRODUCT (id, name, created_at, updated_at, category_id, pic_location, price) values ('5f172437-f99e-4dff-a5da-149b6950e8ec', 'Wine - Duboeuf Beaujolais', '2019-11-27', '2019-03-21', '6fd40977-a429-4959-8497-36b93d19769c', 'https://robohash.org/etinventoreblanditiis.bmp?size=50x50&set=set1', '$134.98');
insert into PRODUCT (id, name, created_at, updated_at, category_id, pic_location, price) values ('6677806e-a776-46d4-b6ad-bfb0862b48de', 'Turnip - Wax', '2020-01-20', null, 'c6478c53-1835-4a25-badc-6b45e490876c', 'https://robohash.org/consequunturodiooccaecati.bmp?size=50x50&set=set1', '$129.73');
insert into PRODUCT (id, name, created_at, updated_at, category_id, pic_location, price) values ('f4ea7488-2b42-41d3-b700-399b1ed2d92c', 'Pineapple - Regular', '2019-04-18', '2019-07-23', 'ac7c189a-a9d7-4f37-8f55-fee44f108355', 'https://robohash.org/remetsunt.bmp?size=50x50&set=set1', '$194.46');
insert into PRODUCT (id, name, created_at, updated_at, category_id, pic_location, price) values ('9075c6ca-1dc0-468a-95eb-f74bee63a397', 'Pastry - Chocolate Marble Tea', '2019-07-17', '2019-07-05', 'c6478c53-1835-4a25-badc-6b45e490876c', 'https://robohash.org/eaqueeossint.bmp?size=50x50&set=set1', '$114.79');
insert into PRODUCT (id, name, created_at, updated_at, category_id, pic_location, price) values ('8180b063-8182-4cf0-a5bd-02d57eda9769', 'Lettuce - Spring Mix', '2019-09-28', '2019-08-18', '814642d2-7dcc-4279-91b7-70e368127a78', 'https://robohash.org/commodidoloremqueearum.bmp?size=50x50&set=set1', '$274.56');
insert into PRODUCT (id, name, created_at, updated_at, category_id, pic_location, price) values ('55540dfd-8a6f-4fec-ad01-f9c863575561', 'Syrup - Pancake', '2019-10-31', '2019-05-08', 'ac7c189a-a9d7-4f37-8f55-fee44f108355', 'https://robohash.org/atsolutaest.bmp?size=50x50&set=set1', '$127.16');
insert into PRODUCT (id, name, created_at, updated_at, category_id, pic_location, price) values ('4c15ed8b-70f6-4aeb-9a7d-f09b373c8f2a', 'Steampan - Foil', '2019-04-06', null, 'ac7c189a-a9d7-4f37-8f55-fee44f108355', 'https://robohash.org/undesuscipitquo.bmp?size=50x50&set=set1', '$60.08');
insert into PRODUCT (id, name, created_at, updated_at, category_id, pic_location, price) values ('72951b62-5084-4c9e-9c83-c8fd28123290', 'Flour - Chickpea', '2019-04-13', '2019-09-15', '6d176685-2c6a-489d-9988-684a22903244', 'https://robohash.org/ablanditiisoptio.jpg?size=50x50&set=set1', '$98.20');
insert into PRODUCT (id, name, created_at, updated_at, category_id, pic_location, price) values ('da1d3cc1-36a9-4d09-980d-0e6995680e2b', 'Hand Towel', '2019-12-23', '2019-02-14', 'c6478c53-1835-4a25-badc-6b45e490876c', 'https://robohash.org/iustonequesunt.bmp?size=50x50&set=set1', '$136.89');
insert into PRODUCT (id, name, created_at, updated_at, category_id, pic_location, price) values ('b95424ca-c8d7-448b-99f6-4038a0a2ae2d', 'Mangoes', '2019-08-11', null, 'c6478c53-1835-4a25-badc-6b45e490876c', 'https://robohash.org/velfugaexcepturi.bmp?size=50x50&set=set1', '$102.50');
insert into PRODUCT (id, name, created_at, updated_at, category_id, pic_location, price) values ('56d5aede-ce29-4905-97f9-543a3e3f26aa', 'Bread - Crusty Italian Poly', '2019-06-26', '2020-02-04', '814642d2-7dcc-4279-91b7-70e368127a78', 'https://robohash.org/accusamusnobiscommodi.bmp?size=50x50&set=set1', '$84.21');
insert into PRODUCT (id, name, created_at, updated_at, category_id, pic_location, price) values ('324efa5f-44f9-4f98-854d-418e8607524c', 'Wine - Kwv Chenin Blanc South', '2019-02-23', '2019-10-27', '814642d2-7dcc-4279-91b7-70e368127a78', 'https://robohash.org/eumeteligendi.png?size=50x50&set=set1', '$167.43');
insert into PRODUCT (id, name, created_at, updated_at, category_id, pic_location, price) values ('cccdce49-5c2d-4299-b082-aafbc08f65da', 'Salmon - Sockeye Raw', '2019-12-16', null, 'c6478c53-1835-4a25-badc-6b45e490876c', 'https://robohash.org/providentculpablanditiis.bmp?size=50x50&set=set1', '$226.11');
insert into PRODUCT (id, name, created_at, updated_at, category_id, pic_location, price) values ('9a871a3d-05a0-4755-99e2-08cf810a95e5', 'Wine - Fino Tio Pepe Gonzalez', '2019-04-16', '2019-12-17', 'ac7c189a-a9d7-4f37-8f55-fee44f108355', 'https://robohash.org/abminimaest.bmp?size=50x50&set=set1', '$127.25');
insert into PRODUCT (id, name, created_at, updated_at, category_id, pic_location, price) values ('c16a55a2-e02d-41ca-9fb5-2a2b3d97ed3b', 'Table Cloth 81x81 Colour', '2019-05-19', null, '814642d2-7dcc-4279-91b7-70e368127a78', 'https://robohash.org/atquerecusandaeenim.png?size=50x50&set=set1', '$146.78');
insert into PRODUCT (id, name, created_at, updated_at, category_id, pic_location, price) values ('e1812300-22be-4eb8-b66a-dbf7f053f480', 'Sobe - Berry Energy', '2019-08-10', null, '814642d2-7dcc-4279-91b7-70e368127a78', 'https://robohash.org/voluptatemcumqueharum.png?size=50x50&set=set1', '$121.49');
insert into PRODUCT (id, name, created_at, updated_at, category_id, pic_location, price) values ('1039edb0-881f-43ae-9d40-ca8edf6c010b', 'Mangostein', '2019-05-28', '2019-09-02', 'c6478c53-1835-4a25-badc-6b45e490876c', 'https://robohash.org/exercitationemidamet.bmp?size=50x50&set=set1', '$223.74');
insert into PRODUCT (id, name, created_at, updated_at, category_id, pic_location, price) values ('689fc3e6-ee72-480f-b99a-15d594ddb52e', 'Seaweed Green Sheets', '2019-10-31', '2019-09-12', '6fd40977-a429-4959-8497-36b93d19769c', 'https://robohash.org/veniamcupiditatemodi.png?size=50x50&set=set1', '$110.18');
insert into PRODUCT (id, name, created_at, updated_at, category_id, pic_location, price) values ('5faa0ccf-a1f3-471f-8255-e7779363c992', 'Truffle - Whole Black Peeled', '2019-09-14', '2019-05-18', 'c6478c53-1835-4a25-badc-6b45e490876c', 'https://robohash.org/nequeistefuga.bmp?size=50x50&set=set1', '$238.95');
insert into PRODUCT (id, name, created_at, updated_at, category_id, pic_location, price) values ('48a7275e-5f8e-4f02-9071-5448c603db73', 'Pastry - Key Limepoppy Seed Tea', '2019-12-15', null, '6d176685-2c6a-489d-9988-684a22903244', 'https://robohash.org/temporaquosunde.png?size=50x50&set=set1', '$210.95');
insert into PRODUCT (id, name, created_at, updated_at, category_id, pic_location, price) values ('fdeab789-7f8f-422d-97b8-a946e08f3d4a', 'Pepper - Paprika, Hungarian', '2019-03-11', '2019-09-20', 'ac7c189a-a9d7-4f37-8f55-fee44f108355', 'https://robohash.org/temporeadipiscieum.jpg?size=50x50&set=set1', '$138.80');
insert into PRODUCT (id, name, created_at, updated_at, category_id, pic_location, price) values ('46778f44-8405-4e6d-a5fb-85fe497a58a8', 'Coffee - Espresso', '2019-07-02', '2019-06-10', '6fd40977-a429-4959-8497-36b93d19769c', 'https://robohash.org/ipsumpariaturvoluptates.png?size=50x50&set=set1', '$206.86');
insert into PRODUCT (id, name, created_at, updated_at, category_id, pic_location, price) values ('6e6ae62c-3388-4398-af34-e32c3f07f116', 'Sauce - Gravy, Au Jus, Mix', '2020-02-01', '2019-06-01', '814642d2-7dcc-4279-91b7-70e368127a78', 'https://robohash.org/quiavoluptatemrepellat.bmp?size=50x50&set=set1', '$212.65');
insert into PRODUCT (id, name, created_at, updated_at, category_id, pic_location, price) values ('526f6eb5-6bf2-4e37-b829-112ef24fa395', 'Nantucket - Pomegranate Pear', '2019-12-01', '2019-08-14', '814642d2-7dcc-4279-91b7-70e368127a78', 'https://robohash.org/culpasedqui.bmp?size=50x50&set=set1', '$201.68');
insert into PRODUCT (id, name, created_at, updated_at, category_id, pic_location, price) values ('50ea666e-ace3-4a11-a7ca-c839b6a2a9ae', 'Chilli Paste, Sambal Oelek', '2019-06-09', '2019-07-14', 'ac7c189a-a9d7-4f37-8f55-fee44f108355', 'https://robohash.org/voluptasbeataeut.png?size=50x50&set=set1', '$276.43');
insert into PRODUCT (id, name, created_at, updated_at, category_id, pic_location, price) values ('01ebc14d-2795-473d-99e9-f0e978fea2ae', 'Dish Towel', '2019-12-27', '2020-01-13', '6d176685-2c6a-489d-9988-684a22903244', 'https://robohash.org/autvitaehic.png?size=50x50&set=set1', '$125.97');
insert into PRODUCT (id, name, created_at, updated_at, category_id, pic_location, price) values ('c4f96a88-bfdc-4a27-9b76-ff3a96989c4a', 'Cassis', '2019-11-27', '2019-10-29', 'ac7c189a-a9d7-4f37-8f55-fee44f108355', 'https://robohash.org/nihilveritatisiure.png?size=50x50&set=set1', '$168.12');
insert into PRODUCT (id, name, created_at, updated_at, category_id, pic_location, price) values ('bd49e2a9-6d1f-4b1f-81c7-fb8053fd791e', 'Corn Syrup', '2019-11-15', '2019-07-06', 'ac7c189a-a9d7-4f37-8f55-fee44f108355', 'https://robohash.org/cupiditateminimalibero.bmp?size=50x50&set=set1', '$182.81');
insert into PRODUCT (id, name, created_at, updated_at, category_id, pic_location, price) values ('e0453a2f-6c0c-4b74-a156-613d8c65677d', 'Crab Brie In Phyllo', '2019-10-11', '2020-02-06', 'c6478c53-1835-4a25-badc-6b45e490876c', 'https://robohash.org/etquamlabore.bmp?size=50x50&set=set1', '$177.02');
insert into PRODUCT (id, name, created_at, updated_at, category_id, pic_location, price) values ('4456a48c-03b5-4a37-ad76-2fea3be803f5', 'Juice - Clamato, 341 Ml', '2019-10-26', '2019-05-01', 'ac7c189a-a9d7-4f37-8f55-fee44f108355', 'https://robohash.org/quisinest.png?size=50x50&set=set1', '$292.64');
insert into PRODUCT (id, name, created_at, updated_at, category_id, pic_location, price) values ('b0011f50-8b89-41c7-9160-751e0128ed9a', 'Black Currants', '2020-02-06', '2019-11-10', '6d176685-2c6a-489d-9988-684a22903244', 'https://robohash.org/pariaturmaximequam.jpg?size=50x50&set=set1', '$269.91');
insert into PRODUCT (id, name, created_at, updated_at, category_id, pic_location, price) values ('2500ac83-2b1c-45c4-9ee5-eb8e6b6f34da', 'Tart Shells - Savory, 2', '2019-04-02', '2019-10-07', 'ac7c189a-a9d7-4f37-8f55-fee44f108355', 'https://robohash.org/aliquidquosvel.jpg?size=50x50&set=set1', '$75.00');
insert into PRODUCT (id, name, created_at, updated_at, category_id, pic_location, price) values ('a4cbfb7e-871f-41a8-abd6-21a855561233', 'Cabbage - Savoy', '2019-03-08', '2019-04-19', '6d176685-2c6a-489d-9988-684a22903244', 'https://robohash.org/quietsit.png?size=50x50&set=set1', '$136.05');
insert into PRODUCT (id, name, created_at, updated_at, category_id, pic_location, price) values ('708990e8-9038-485e-b0e7-5d4276815ab9', 'V8 Splash Strawberry Banana', '2019-09-25', '2020-01-19', '814642d2-7dcc-4279-91b7-70e368127a78', 'https://robohash.org/illoetquam.jpg?size=50x50&set=set1', '$53.08');
insert into PRODUCT (id, name, created_at, updated_at, category_id, pic_location, price) values ('67baaab9-117e-4c96-905f-d30455972090', 'Lamb - Leg, Bone In', '2019-09-13', null, 'c6478c53-1835-4a25-badc-6b45e490876c', 'https://robohash.org/sapientequasitemporibus.jpg?size=50x50&set=set1', '$218.23');
insert into PRODUCT (id, name, created_at, updated_at, category_id, pic_location, price) values ('3a705dc2-e24f-4daa-98ba-bf0f937b4b31', 'Muffin Batt - Carrot Spice', '2019-07-11', '2019-09-21', 'ac7c189a-a9d7-4f37-8f55-fee44f108355', 'https://robohash.org/facereeaquas.jpg?size=50x50&set=set1', '$58.73');
insert into PRODUCT (id, name, created_at, updated_at, category_id, pic_location, price) values ('bb91062b-0200-427b-9b1b-94817fc995bf', 'Wine - Red, Mouton Cadet', '2019-09-22', '2019-06-23', '814642d2-7dcc-4279-91b7-70e368127a78', 'https://robohash.org/autquiarem.png?size=50x50&set=set1', '$72.75');
insert into PRODUCT (id, name, created_at, updated_at, category_id, pic_location, price) values ('59b859a6-836a-4953-a20a-5f9d9a7970be', 'Vinegar - Balsamic, White', '2019-12-02', '2019-08-19', 'ac7c189a-a9d7-4f37-8f55-fee44f108355', 'https://robohash.org/estsedofficiis.jpg?size=50x50&set=set1', '$237.74');
insert into PRODUCT (id, name, created_at, updated_at, category_id, pic_location, price) values ('714e3e38-436b-454d-9bc2-6bad1aea8e85', 'Cinnamon Rolls', '2019-04-19', '2019-06-04', '814642d2-7dcc-4279-91b7-70e368127a78', 'https://robohash.org/liberodoloresit.jpg?size=50x50&set=set1', '$262.45');
insert into PRODUCT (id, name, created_at, updated_at, category_id, pic_location, price) values ('d346f145-ef30-4176-95f4-d21f839252be', 'Wine - Stoneliegh Sauvignon', '2019-07-22', '2020-01-20', '6fd40977-a429-4959-8497-36b93d19769c', 'https://robohash.org/aliquidodioet.png?size=50x50&set=set1', '$196.74');
insert into PRODUCT (id, name, created_at, updated_at, category_id, pic_location, price) values ('58f4f99f-a9be-400e-8957-a00f41c8e544', 'Nantucket Cranberry Juice', '2019-07-08', '2019-03-15', 'ac7c189a-a9d7-4f37-8f55-fee44f108355', 'https://robohash.org/iurequosint.bmp?size=50x50&set=set1', '$235.65');
insert into PRODUCT (id, name, created_at, updated_at, category_id, pic_location, price) values ('fa177fb3-174e-474b-9b82-29f48948f617', 'Pecan Raisin - Tarts', '2019-10-26', '2019-08-31', '6fd40977-a429-4959-8497-36b93d19769c', 'https://robohash.org/rerumatquealiquam.bmp?size=50x50&set=set1', '$215.67');
insert into PRODUCT (id, name, created_at, updated_at, category_id, pic_location, price) values ('06d97795-0101-48d6-a114-dcb43f7fe669', 'Grenadillo', '2019-10-01', '2019-10-11', 'c6478c53-1835-4a25-badc-6b45e490876c', 'https://robohash.org/doloreoptioalias.jpg?size=50x50&set=set1', '$290.16');
insert into PRODUCT (id, name, created_at, updated_at, category_id, pic_location, price) values ('40a48e06-eb71-4f05-a8d4-96ed302b60a9', 'Appetizer - Shrimp Puff', '2019-06-19', '2019-05-16', '6fd40977-a429-4959-8497-36b93d19769c', 'https://robohash.org/blanditiisvoluptasin.bmp?size=50x50&set=set1', '$274.11');
insert into PRODUCT (id, name, created_at, updated_at, category_id, pic_location, price) values ('d2d49e1b-fb0b-4f06-aa32-7deec3d4e23b', 'Wine - Casillero Del Diablo', '2019-10-06', '2019-09-04', 'ac7c189a-a9d7-4f37-8f55-fee44f108355', 'https://robohash.org/oditevenietlaudantium.jpg?size=50x50&set=set1', '$109.57');
insert into PRODUCT (id, name, created_at, updated_at, category_id, pic_location, price) values ('18bc6488-28ca-44d8-bf7c-79831fb15397', 'Pumpkin - Seed', '2019-07-27', null, '6fd40977-a429-4959-8497-36b93d19769c', 'https://robohash.org/aliquidperspiciatisvoluptatem.png?size=50x50&set=set1', '$189.46');
insert into PRODUCT (id, name, created_at, updated_at, category_id, pic_location, price) values ('48f417ad-54d3-407a-876a-3d0aa5acd718', 'Bar Mix - Lemon', '2019-06-14', null, 'ac7c189a-a9d7-4f37-8f55-fee44f108355', 'https://robohash.org/estsolutafacilis.bmp?size=50x50&set=set1', '$124.87');
insert into PRODUCT (id, name, created_at, updated_at, category_id, pic_location, price) values ('716c518e-dfa8-4e59-aaa7-b1702facfe5d', 'Lid - 16 Oz And 32 Oz', '2019-06-24', '2019-12-14', 'ac7c189a-a9d7-4f37-8f55-fee44f108355', 'https://robohash.org/inventoreaspernaturvelit.png?size=50x50&set=set1', '$108.62');
insert into PRODUCT (id, name, created_at, updated_at, category_id, pic_location, price) values ('7cb9e21c-92e8-4346-a51c-b02c7bf17736', 'Sauce - Oyster', '2019-10-03', null, 'c6478c53-1835-4a25-badc-6b45e490876c', 'https://robohash.org/autanimiet.bmp?size=50x50&set=set1', '$106.37');
insert into PRODUCT (id, name, created_at, updated_at, category_id, pic_location, price) values ('4d8f57e1-ac00-408d-81bd-872d2959be3c', 'Wine - Gato Negro Cabernet', '2019-10-27', null, '814642d2-7dcc-4279-91b7-70e368127a78', 'https://robohash.org/voluptatumsintdolor.jpg?size=50x50&set=set1', '$196.22');
insert into PRODUCT (id, name, created_at, updated_at, category_id, pic_location, price) values ('8bea9d42-f5ad-463d-aa3e-2dad899504a7', 'Mint - Fresh', '2019-10-06', '2019-09-25', '814642d2-7dcc-4279-91b7-70e368127a78', 'https://robohash.org/inciduntsuscipitet.jpg?size=50x50&set=set1', '$274.64');
insert into PRODUCT (id, name, created_at, updated_at, category_id, pic_location, price) values ('dea53ca2-cfb9-401e-8b8a-7b124055f5d8', 'Pike - Frozen Fillet', '2019-06-18', '2020-02-01', '6d176685-2c6a-489d-9988-684a22903244', 'https://robohash.org/exercitationemquosillum.png?size=50x50&set=set1', '$234.89');
insert into PRODUCT (id, name, created_at, updated_at, category_id, pic_location, price) values ('0c9e347f-c580-489d-9fa2-28bcf080ac9c', 'Potatoes - Yukon Gold, 80 Ct', '2019-08-30', null, '6d176685-2c6a-489d-9988-684a22903244', 'https://robohash.org/optioillonam.png?size=50x50&set=set1', '$293.42');
insert into PRODUCT (id, name, created_at, updated_at, category_id, pic_location, price) values ('1742e625-9714-424b-a1fd-47e1e63bd9f9', 'Pepsi - Diet, 355 Ml', '2019-03-27', '2019-08-13', 'c6478c53-1835-4a25-badc-6b45e490876c', 'https://robohash.org/optiovitaeunde.bmp?size=50x50&set=set1', '$191.17');
insert into PRODUCT (id, name, created_at, updated_at, category_id, pic_location, price) values ('29704e2f-4225-4037-a21e-ca8ca4cf1c13', 'Numi - Assorted Teas', '2019-12-02', '2019-06-22', '6fd40977-a429-4959-8497-36b93d19769c', 'https://robohash.org/temporearchitectopraesentium.bmp?size=50x50&set=set1', '$66.16');
insert into PRODUCT (id, name, created_at, updated_at, category_id, pic_location, price) values ('ed6352de-2684-4366-8e1c-6e287823ee58', 'Pasta - Canelloni, Single Serve', '2019-12-22', '2020-02-02', '6d176685-2c6a-489d-9988-684a22903244', 'https://robohash.org/autemautest.png?size=50x50&set=set1', '$104.93');
insert into PRODUCT (id, name, created_at, updated_at, category_id, pic_location, price) values ('5535eb39-d83a-4be9-aa83-9a045ea5c4aa', 'Wakami Seaweed', '2019-04-10', '2019-06-17', 'c6478c53-1835-4a25-badc-6b45e490876c', 'https://robohash.org/etinest.jpg?size=50x50&set=set1', '$179.61');
insert into PRODUCT (id, name, created_at, updated_at, category_id, pic_location, price) values ('6a1a3551-befd-49e1-acde-d4e5857103d0', 'Tea - Herbal I Love Lemon', '2019-12-09', '2020-01-18', 'c6478c53-1835-4a25-badc-6b45e490876c', 'https://robohash.org/etinin.png?size=50x50&set=set1', '$224.91');
insert into PRODUCT (id, name, created_at, updated_at, category_id, pic_location, price) values ('467a32d9-780d-49d5-8e99-09a91b5b3bc4', 'Oil - Pumpkinseed', '2019-08-20', '2019-11-26', 'c6478c53-1835-4a25-badc-6b45e490876c', 'https://robohash.org/quidemeasunt.jpg?size=50x50&set=set1', '$236.67');
insert into PRODUCT (id, name, created_at, updated_at, category_id, pic_location, price) values ('50fbee87-3c65-4acf-9cee-8aa2cbf520db', 'Pork - Belly Fresh', '2019-05-26', '2020-01-04', 'c6478c53-1835-4a25-badc-6b45e490876c', 'https://robohash.org/cumidnesciunt.jpg?size=50x50&set=set1', '$276.32');
insert into PRODUCT (id, name, created_at, updated_at, category_id, pic_location, price) values ('4294882c-1846-447a-bfcd-65d3ae750fd7', 'Wine - Sogrape Mateus Rose', '2019-08-24', null, '814642d2-7dcc-4279-91b7-70e368127a78', 'https://robohash.org/sitquoest.bmp?size=50x50&set=set1', '$286.79');
insert into PRODUCT (id, name, created_at, updated_at, category_id, pic_location, price) values ('9b65ae80-a331-4ae6-bd60-7752a1535762', 'Apple - Northern Spy', '2019-12-11', '2019-03-12', '814642d2-7dcc-4279-91b7-70e368127a78', 'https://robohash.org/excepturiquisaut.jpg?size=50x50&set=set1', '$185.18');
insert into PRODUCT (id, name, created_at, updated_at, category_id, pic_location, price) values ('af33dc6f-aa1e-4019-a79c-26194f2d5c73', 'Flower - Carnations', '2019-09-25', null, '814642d2-7dcc-4279-91b7-70e368127a78', 'https://robohash.org/eaqueeumvel.jpg?size=50x50&set=set1', '$233.72');
insert into PRODUCT (id, name, created_at, updated_at, category_id, pic_location, price) values ('a06c990c-c0cc-4719-a0e7-ebd93a125829', 'Marjoram - Dried, Rubbed', '2019-06-16', '2019-05-16', 'ac7c189a-a9d7-4f37-8f55-fee44f108355', 'https://robohash.org/estfugiatsaepe.bmp?size=50x50&set=set1', '$103.63');
insert into PRODUCT (id, name, created_at, updated_at, category_id, pic_location, price) values ('c50566d7-cd7f-4460-8b8c-6454d409e874', 'Foam Espresso Cup Plain White', '2019-05-30', '2019-02-27', '6fd40977-a429-4959-8497-36b93d19769c', 'https://robohash.org/corruptietnulla.bmp?size=50x50&set=set1', '$189.48');
insert into PRODUCT (id, name, created_at, updated_at, category_id, pic_location, price) values ('90198c2f-9a82-490a-9254-430e52188eb9', 'Banana Turning', '2019-10-02', null, 'c6478c53-1835-4a25-badc-6b45e490876c', 'https://robohash.org/quiconsequaturvitae.jpg?size=50x50&set=set1', '$103.94');
insert into PRODUCT (id, name, created_at, updated_at, category_id, pic_location, price) values ('0998639b-10f7-4d28-99dd-891a16c5e2bf', 'Sea Bass - Fillets', '2019-04-03', '2019-07-01', 'ac7c189a-a9d7-4f37-8f55-fee44f108355', 'https://robohash.org/optioutipsam.bmp?size=50x50&set=set1', '$215.77');
insert into PRODUCT (id, name, created_at, updated_at, category_id, pic_location, price) values ('d297a2eb-22d2-4861-b065-78491b0ea3aa', 'Bok Choy - Baby', '2019-07-11', '2019-09-18', 'c6478c53-1835-4a25-badc-6b45e490876c', 'https://robohash.org/delectusmollitiaquia.bmp?size=50x50&set=set1', '$266.28');
insert into PRODUCT (id, name, created_at, updated_at, category_id, pic_location, price) values ('2ee5ab77-439d-49dd-959f-2deb26bd9127', 'Capon - Breast, Wing On', '2019-11-29', '2019-08-16', 'ac7c189a-a9d7-4f37-8f55-fee44f108355', 'https://robohash.org/velitvoluptatetemporibus.jpg?size=50x50&set=set1', '$255.77');
insert into PRODUCT (id, name, created_at, updated_at, category_id, pic_location, price) values ('176168c5-e873-45fa-8231-0fe4983fb0de', 'Sauce - Gravy, Au Jus, Mix', '2019-10-24', '2019-10-05', 'c6478c53-1835-4a25-badc-6b45e490876c', 'https://robohash.org/optiodictadebitis.png?size=50x50&set=set1', '$299.28');
insert into PRODUCT (id, name, created_at, updated_at, category_id, pic_location, price) values ('355ece55-1dd5-412d-abc8-08458f1502e5', 'Ice Cream - Strawberry', '2019-03-26', null, '6d176685-2c6a-489d-9988-684a22903244', 'https://robohash.org/dolorreprehenderitaut.bmp?size=50x50&set=set1', '$115.61');
insert into PRODUCT (id, name, created_at, updated_at, category_id, pic_location, price) values ('93102f1a-2c37-4f6a-b225-7bf50b8b9cf6', 'Cheese - Brie, Cups 125g', '2019-12-11', '2019-09-24', '6fd40977-a429-4959-8497-36b93d19769c', 'https://robohash.org/utconsequatursed.jpg?size=50x50&set=set1', '$140.93');
insert into PRODUCT (id, name, created_at, updated_at, category_id, pic_location, price) values ('f3cd9705-69a4-45d1-96aa-8f69b3742a30', 'Pasta - Fusili Tri - Coloured', '2020-01-29', null, 'ac7c189a-a9d7-4f37-8f55-fee44f108355', 'https://robohash.org/consequaturnecessitatibussed.png?size=50x50&set=set1', '$281.26');
insert into PRODUCT (id, name, created_at, updated_at, category_id, pic_location, price) values ('4d5c0154-d79b-4885-b4ba-9ae3869b3d0f', 'Beef - Diced', '2019-05-26', '2019-04-02', 'c6478c53-1835-4a25-badc-6b45e490876c', 'https://robohash.org/laudantiumisteet.jpg?size=50x50&set=set1', '$240.81');
insert into PRODUCT (id, name, created_at, updated_at, category_id, pic_location, price) values ('85262354-19ba-4703-9322-a47323b24278', 'Buttons', '2019-07-08', null, 'c6478c53-1835-4a25-badc-6b45e490876c', 'https://robohash.org/quisutnostrum.png?size=50x50&set=set1', '$145.36');
insert into PRODUCT (id, name, created_at, updated_at, category_id, pic_location, price) values ('99d785ae-3489-47d7-a2e6-9239a383ac88', 'Pepper - Green, Chili', '2019-08-20', '2019-06-18', '6d176685-2c6a-489d-9988-684a22903244', 'https://robohash.org/inautillo.bmp?size=50x50&set=set1', '$235.00');
insert into PRODUCT (id, name, created_at, updated_at, category_id, pic_location, price) values ('aa577014-22c9-41d0-a61c-0774e13828bb', 'Quinoa', '2019-07-12', '2019-11-03', 'c6478c53-1835-4a25-badc-6b45e490876c', 'https://robohash.org/estestconsequatur.bmp?size=50x50&set=set1', '$104.39');
